{
	"format_version": "1.21.6",
	"credit": "Made with Blockbench",
	"parent": "pipez:block/pipe_core",
	"render_type": "cutout",
	"textures": {
		"0": "pipez:block/item_pipe",
		"particle": "pipez:block/item_pipe"
	},
	"elements": [
		{
			"from": [4, 6, 4],
			"to": [5, 10, 6],
			"faces": {
				"north": {"uv": [11, 12, 12, 15], "texture": "#0"},
				"east": {"uv": [10, 12, 12, 15], "texture": "#0"},
				"south": {"uv": [5, 12, 6, 15], "texture": "#0"},
				"west": {"uv": [4, 1, 6, 4], "texture": "#0"}
			}
		},
		{
			"from": [4, 6, 10],
			"to": [5, 10, 12],
			"faces": {
				"north": {"uv": [12, 10, 15, 11], "texture": "#0"},
				"east": {"uv": [12, 12, 10, 15], "texture": "#0"},
				"south": {"uv": [11, 12, 12, 15], "texture": "#0"},
				"west": {"uv": [15, 12, 12, 10], "rotation": 90, "texture": "#0"}
			}
		},
		{
			"from": [4, 4, 6],
			"to": [6, 6, 10],
			"faces": {
				"east": {"uv": [1, 12, 4, 10], "texture": "#0"},
				"west": {"uv": [4, 10, 1, 12], "texture": "#0"},
				"up": {"uv": [10, 12, 11, 15], "texture": "#0"},
				"down": {"uv": [1, 10, 4, 12], "rotation": 90, "texture": "#0"}
			}
		},
		{
			"from": [4, 10, 6],
			"to": [5, 12, 10],
			"rotation": {"angle": 0, "axis": "y", "origin": [0, -1, 0]},
			"faces": {
				"east": {"uv": [15, 4, 12, 6], "texture": "#0"},
				"west": {"uv": [12, 4, 15, 6], "texture": "#0"},
				"up": {"uv": [12, 4, 11, 1], "texture": "#0"},
				"down": {"uv": [10, 1, 11, 4], "texture": "#0"}
			}
		},
		{
			"from": [11, 6, 10],
			"to": [12, 10, 12],
			"rotation": {"angle": 0, "axis": "y", "origin": [7, 0, 0]},
			"faces": {
				"north": {"uv": [12, 10, 15, 11], "texture": "#0"},
				"east": {"uv": [12, 12, 10, 15], "texture": "#0"},
				"south": {"uv": [11, 12, 12, 15], "texture": "#0"},
				"west": {"uv": [15, 12, 12, 10], "rotation": 90, "texture": "#0"}
			}
		},
		{
			"from": [10, 4, 6],
			"to": [12, 6, 10],
			"rotation": {"angle": 0, "axis": "y", "origin": [7, 0, 0]},
			"faces": {
				"east": {"uv": [1, 10, 4, 12], "texture": "#0"},
				"west": {"uv": [4, 12, 1, 10], "texture": "#0"},
				"up": {"uv": [10, 12, 11, 15], "texture": "#0"},
				"down": {"uv": [1, 12, 4, 10], "rotation": 90, "texture": "#0"}
			}
		},
		{
			"from": [11, 6, 4],
			"to": [12, 10, 6],
			"rotation": {"angle": 0, "axis": "y", "origin": [7, 0, 0]},
			"faces": {
				"north": {"uv": [11, 12, 12, 15], "texture": "#0"},
				"east": {"uv": [10, 12, 12, 15], "texture": "#0"},
				"south": {"uv": [5, 12, 6, 15], "texture": "#0"},
				"west": {"uv": [4, 1, 6, 4], "texture": "#0"}
			}
		},
		{
			"from": [11, 10, 6],
			"to": [12, 12, 10],
			"rotation": {"angle": 0, "axis": "y", "origin": [7, -1, 0]},
			"faces": {
				"east": {"uv": [15, 4, 12, 6], "texture": "#0"},
				"west": {"uv": [12, 4, 15, 6], "texture": "#0"},
				"up": {"uv": [12, 4, 11, 1], "texture": "#0"},
				"down": {"uv": [10, 1, 11, 4], "texture": "#0"}
			}
		},
		{
			"from": [5, 5, 5],
			"to": [11, 11, 11],
			"faces": {
				"north": {"uv": [5, 5, 11, 11], "texture": "#0"},
				"east": {"uv": [5, 5, 11, 11], "texture": "#0"},
				"south": {"uv": [5, 5, 11, 11], "texture": "#0"},
				"west": {"uv": [5, 5, 11, 11], "texture": "#0"},
				"up": {"uv": [5, 5, 11, 11], "texture": "#0"},
				"down": {"uv": [5, 5, 11, 11], "texture": "#0"}
			}
		},
		{
			"from": [4, 5, 10],
			"to": [5, 6, 12],
			"rotation": {"angle": 0, "axis": "y", "origin": [4, 5, 10]},
			"faces": {
				"south": {"uv": [11, 4, 12, 5], "texture": "#0"},
				"west": {"uv": [10, 4, 12, 5], "texture": "#0"}
			}
		},
		{
			"from": [4, 4, 4],
			"to": [5, 5, 6],
			"rotation": {"angle": 0, "axis": "y", "origin": [4, 4, 4]},
			"faces": {
				"north": {"uv": [4, 3, 5, 4], "texture": "#0"},
				"south": {"uv": [11, 3, 12, 4], "texture": "#0"},
				"west": {"uv": [11, 3, 12, 5], "texture": "#0"},
				"up": {"uv": [11, 3, 12, 5], "texture": "#0"},
				"down": {"uv": [11, 3, 12, 5], "texture": "#0"}
			}
		},
		{
			"from": [4, 5, 4],
			"to": [5, 6, 6],
			"rotation": {"angle": 0, "axis": "y", "origin": [4, 5, 4]},
			"faces": {
				"north": {"uv": [4, 4, 5, 5], "texture": "#0"},
				"west": {"uv": [4, 4, 6, 5], "texture": "#0"}
			}
		},
		{
			"from": [4, 4, 10],
			"to": [5, 5, 12],
			"rotation": {"angle": 0, "axis": "y", "origin": [4, 4, 10]},
			"faces": {
				"south": {"uv": [11, 3, 12, 4], "texture": "#0"},
				"west": {"uv": [11, 3, 12, 5], "texture": "#0"},
				"up": {"uv": [11, 3, 12, 5], "texture": "#0"},
				"down": {"uv": [11, 3, 12, 5], "texture": "#0"}
			}
		},
		{
			"from": [4, 10, 4],
			"to": [5, 11, 6],
			"rotation": {"angle": 0, "axis": "y", "origin": [4, 10, 4]},
			"faces": {
				"north": {"uv": [4, 4, 5, 5], "texture": "#0"},
				"south": {"uv": [11, 4, 12, 5], "texture": "#0"},
				"west": {"uv": [12, 4, 10, 5], "texture": "#0"}
			}
		},
		{
			"from": [4, 11, 4],
			"to": [5, 12, 6],
			"rotation": {"angle": 0, "axis": "y", "origin": [4, 11, 4]},
			"faces": {
				"north": {"uv": [4, 3, 5, 4], "texture": "#0"},
				"south": {"uv": [11, 3, 12, 4], "texture": "#0"},
				"west": {"uv": [11, 3, 12, 5], "texture": "#0"},
				"up": {"uv": [11, 3, 12, 5], "texture": "#0"}
			}
		},
		{
			"from": [11, 11, 10],
			"to": [12, 12, 12],
			"rotation": {"angle": 0, "axis": "y", "origin": [11.5, 11, 11]},
			"faces": {
				"east": {"uv": [11, 3, 12, 5], "texture": "#0"},
				"south": {"uv": [4, 3, 5, 4], "texture": "#0"},
				"up": {"uv": [11, 3, 12, 5], "rotation": 180, "texture": "#0"}
			}
		},
		{
			"from": [11, 4, 10],
			"to": [12, 6, 11],
			"rotation": {"angle": 0, "axis": "x", "origin": [11.5, 5, 11]},
			"faces": {
				"east": {"uv": [12, 4, 10, 5], "rotation": 270, "texture": "#0"},
				"down": {"uv": [4, 4, 5, 5], "texture": "#0"}
			}
		},
		{
			"from": [11, 4, 11],
			"to": [12, 6, 12],
			"rotation": {"angle": 0, "axis": "x", "origin": [11.5, 5, 11]},
			"faces": {
				"east": {"uv": [11, 3, 12, 5], "rotation": 270, "texture": "#0"},
				"south": {"uv": [11, 3, 12, 5], "rotation": 180, "texture": "#0"},
				"down": {"uv": [4, 3, 5, 4], "texture": "#0"}
			}
		},
		{
			"from": [11, 10, 5],
			"to": [12, 12, 6],
			"rotation": {"angle": 0, "axis": "x", "origin": [11.5, 11, 5]},
			"faces": {
				"east": {"uv": [12, 4, 10, 5], "rotation": 90, "texture": "#0"},
				"up": {"uv": [4, 4, 5, 5], "texture": "#0"}
			}
		},
		{
			"from": [11, 10, 4],
			"to": [12, 12, 5],
			"rotation": {"angle": 0, "axis": "x", "origin": [11.5, 11, 5]},
			"faces": {
				"north": {"uv": [11, 3, 12, 5], "texture": "#0"},
				"east": {"uv": [11, 3, 12, 5], "rotation": 90, "texture": "#0"},
				"up": {"uv": [4, 3, 5, 4], "texture": "#0"}
			}
		},
		{
			"from": [11, 5, 4],
			"to": [12, 6, 6],
			"rotation": {"angle": 0, "axis": "x", "origin": [11.5, 5, 5]},
			"faces": {
				"north": {"uv": [4, 4, 5, 5], "rotation": 180, "texture": "#0"},
				"east": {"uv": [12, 4, 10, 5], "rotation": 180, "texture": "#0"}
			}
		},
		{
			"from": [11, 4, 4],
			"to": [12, 5, 6],
			"rotation": {"angle": 0, "axis": "x", "origin": [11.5, 5, 5]},
			"faces": {
				"north": {"uv": [4, 3, 5, 4], "rotation": 180, "texture": "#0"},
				"east": {"uv": [11, 3, 12, 5], "rotation": 180, "texture": "#0"},
				"down": {"uv": [11, 3, 12, 5], "rotation": 180, "texture": "#0"}
			}
		},
		{
			"from": [11, 10, 10],
			"to": [12, 11, 12],
			"rotation": {"angle": 0, "axis": "y", "origin": [11.5, 11, 11]},
			"faces": {
				"east": {"uv": [12, 4, 10, 5], "texture": "#0"},
				"south": {"uv": [4, 4, 5, 5], "texture": "#0"}
			}
		},
		{
			"from": [6, 4, 10],
			"to": [10, 6, 12],
			"rotation": {"angle": 0, "axis": "y", "origin": [5, 4, 10]},
			"faces": {
				"north": {"uv": [4, 12, 1, 10], "texture": "#0"},
				"south": {"uv": [1, 6, 4, 4], "texture": "#0"},
				"up": {"uv": [1, 12, 4, 10], "texture": "#0"},
				"down": {"uv": [1, 4, 4, 6], "texture": "#0"}
			}
		},
		{
			"from": [6, 4, 4],
			"to": [10, 6, 6],
			"rotation": {"angle": 0, "axis": "y", "origin": [5, 4, 4]},
			"faces": {
				"north": {"uv": [4, 10, 1, 12], "texture": "#0"},
				"south": {"uv": [1, 4, 4, 6], "texture": "#0"},
				"up": {"uv": [1, 10, 4, 12], "texture": "#0"},
				"down": {"uv": [1, 10, 4, 12], "texture": "#0"}
			}
		},
		{
			"from": [6, 10, 10],
			"to": [10, 12, 12],
			"rotation": {"angle": 0, "axis": "y", "origin": [5, 10, 10]},
			"faces": {
				"north": {"uv": [1, 10, 4, 12], "texture": "#0"},
				"south": {"uv": [1, 4, 4, 6], "texture": "#0"},
				"up": {"uv": [1, 6, 4, 4], "texture": "#0"},
				"down": {"uv": [1, 10, 4, 12], "texture": "#0"}
			}
		},
		{
			"from": [6, 10, 4],
			"to": [10, 12, 6],
			"rotation": {"angle": 0, "axis": "y", "origin": [5, 10, 4]},
			"faces": {
				"north": {"uv": [4, 12, 1, 10], "texture": "#0"},
				"south": {"uv": [1, 10, 4, 12], "texture": "#0"},
				"up": {"uv": [1, 12, 4, 10], "texture": "#0"},
				"down": {"uv": [1, 4, 4, 6], "texture": "#0"}
			}
		},
		{
			"from": [10, 4, 4],
			"to": [11, 6, 5],
			"rotation": {"angle": 0, "axis": "y", "origin": [9, 4, 4]},
			"faces": {
				"north": {"uv": [11, 10, 12, 12], "texture": "#0"},
				"down": {"uv": [4, 4, 5, 5], "texture": "#0"}
			}
		},
		{
			"from": [5, 10, 11],
			"to": [6, 12, 12],
			"rotation": {"angle": 0, "axis": "y", "origin": [5.5, 11, 11.5]},
			"faces": {
				"south": {"uv": [11, 12, 12, 10], "texture": "#0"},
				"up": {"uv": [4, 4, 5, 5], "rotation": 180, "texture": "#0"}
			}
		},
		{
			"from": [4, 10, 10],
			"to": [5, 11, 12],
			"rotation": {"angle": 0, "axis": "y", "origin": [4, 10, 10]},
			"faces": {
				"north": {"uv": [0, 0, 1, 1], "texture": "#missing"},
				"south": {"uv": [11, 4, 12, 5], "texture": "#0"},
				"west": {"uv": [10, 4, 12, 5], "texture": "#0"}
			}
		},
		{
			"from": [4, 11, 10],
			"to": [5, 12, 12],
			"rotation": {"angle": 0, "axis": "y", "origin": [4, 11, 10]},
			"faces": {
				"north": {"uv": [0, 0, 1, 1], "texture": "#missing"},
				"south": {"uv": [11, 3, 12, 4], "texture": "#0"},
				"west": {"uv": [11, 3, 12, 5], "texture": "#0"},
				"up": {"uv": [11, 3, 12, 5], "texture": "#0"}
			}
		},
		{
			"from": [5, 4, 11],
			"to": [6, 6, 12],
			"rotation": {"angle": 0, "axis": "y", "origin": [5.5, 5, 11.5]},
			"faces": {
				"south": {"uv": [11, 6, 12, 4], "texture": "#0"},
				"down": {"uv": [4, 4, 5, 5], "texture": "#0"}
			}
		},
		{
			"from": [10, 4, 11],
			"to": [11, 6, 12],
			"rotation": {"angle": 0, "axis": "y", "origin": [10.5, 5, 11.5]},
			"faces": {
				"south": {"uv": [11, 6, 12, 4], "texture": "#0"},
				"down": {"uv": [4, 4, 5, 5], "rotation": 180, "texture": "#0"}
			}
		},
		{
			"from": [10, 10, 11],
			"to": [11, 12, 12],
			"rotation": {"angle": 0, "axis": "y", "origin": [10.5, 11, 11.5]},
			"faces": {
				"south": {"uv": [11, 12, 12, 10], "texture": "#0"},
				"up": {"uv": [4, 4, 5, 5], "rotation": 180, "texture": "#0"}
			}
		},
		{
			"from": [5, 10, 4],
			"to": [6, 12, 5],
			"rotation": {"angle": 0, "axis": "y", "origin": [4, 10, 4]},
			"faces": {
				"north": {"uv": [11, 12, 12, 10], "texture": "#0"},
				"up": {"uv": [4, 4, 5, 5], "texture": "#0"}
			}
		},
		{
			"from": [10, 10, 4],
			"to": [11, 12, 5],
			"rotation": {"angle": 0, "axis": "y", "origin": [9, 10, 4]},
			"faces": {
				"north": {"uv": [11, 12, 12, 10], "texture": "#0"},
				"up": {"uv": [4, 4, 5, 5], "texture": "#0"}
			}
		},
		{
			"from": [5, 6, 4],
			"to": [6, 10, 5],
			"rotation": {"angle": 0, "axis": "y", "origin": [5, 7, 4]},
			"faces": {
				"north": {"uv": [10, 1, 11, 4], "texture": "#0"},
				"east": {"uv": [10, 1, 11, 4], "texture": "#0"},
				"south": {"uv": [10, 1, 11, 4], "texture": "#0"},
				"west": {"uv": [10, 1, 11, 4], "texture": "#0"},
				"up": {"uv": [10, 1, 11, 4], "texture": "#0"},
				"down": {"uv": [10, 1, 11, 4], "texture": "#0"}
			}
		},
		{
			"from": [10, 6, 4],
			"to": [11, 10, 5],
			"rotation": {"angle": 0, "axis": "y", "origin": [10, 7, 4]},
			"faces": {
				"north": {"uv": [5, 1, 6, 4], "texture": "#0"},
				"east": {"uv": [5, 1, 6, 4], "texture": "#0"},
				"south": {"uv": [5, 1, 6, 4], "texture": "#0"},
				"west": {"uv": [5, 1, 6, 4], "texture": "#0"},
				"up": {"uv": [5, 1, 6, 4], "texture": "#0"},
				"down": {"uv": [5, 1, 6, 4], "texture": "#0"}
			}
		},
		{
			"from": [5, 6, 11],
			"to": [6, 10, 12],
			"rotation": {"angle": 0, "axis": "y", "origin": [5, 7, 11]},
			"faces": {
				"north": {"uv": [5, 1, 6, 4], "texture": "#0"},
				"east": {"uv": [5, 1, 6, 4], "texture": "#0"},
				"south": {"uv": [5, 1, 6, 4], "texture": "#0"},
				"west": {"uv": [5, 1, 6, 4], "texture": "#0"},
				"up": {"uv": [5, 1, 6, 4], "texture": "#0"},
				"down": {"uv": [5, 1, 6, 4], "texture": "#0"}
			}
		},
		{
			"from": [10, 6, 11],
			"to": [11, 10, 12],
			"rotation": {"angle": 0, "axis": "y", "origin": [10, 7, 11]},
			"faces": {
				"north": {"uv": [10, 1, 11, 4], "texture": "#0"},
				"east": {"uv": [10, 1, 11, 4], "texture": "#0"},
				"south": {"uv": [10, 1, 11, 4], "texture": "#0"},
				"west": {"uv": [10, 1, 11, 4], "texture": "#0"},
				"up": {"uv": [10, 1, 11, 4], "texture": "#0"},
				"down": {"uv": [10, 1, 11, 4], "texture": "#0"}
			}
		},
		{
			"from": [5, 11, 6],
			"to": [6, 12, 10],
			"rotation": {"angle": 0, "axis": "y", "origin": [5, 11, 6]},
			"faces": {
				"north": {"uv": [5, 1, 6, 4], "texture": "#0"},
				"east": {"uv": [5, 1, 6, 4], "texture": "#0"},
				"south": {"uv": [5, 1, 6, 4], "texture": "#0"},
				"west": {"uv": [5, 1, 6, 4], "texture": "#0"},
				"up": {"uv": [5, 1, 6, 4], "texture": "#0"},
				"down": {"uv": [5, 1, 6, 4], "texture": "#0"}
			}
		},
		{
			"from": [10, 11, 6],
			"to": [11, 12, 10],
			"rotation": {"angle": 0, "axis": "y", "origin": [10, 11, 6]},
			"faces": {
				"north": {"uv": [5, 1, 6, 4], "texture": "#0"},
				"east": {"uv": [5, 1, 6, 4], "texture": "#0"},
				"south": {"uv": [5, 1, 6, 4], "texture": "#0"},
				"west": {"uv": [5, 1, 6, 4], "texture": "#0"},
				"up": {"uv": [5, 1, 6, 4], "texture": "#0"},
				"down": {"uv": [5, 1, 6, 4], "texture": "#0"}
			}
		},
		{
			"from": [5, 4, 4],
			"to": [6, 6, 5],
			"rotation": {"angle": 0, "axis": "y", "origin": [4, 4, 4]},
			"faces": {
				"north": {"uv": [11, 10, 12, 12], "texture": "#0"},
				"down": {"uv": [4, 4, 5, 5], "texture": "#0"}
			}
		},
		{
			"from": [5, 11, 6],
			"to": [6, 12, 10],
			"rotation": {"angle": 0, "axis": "y", "origin": [5, 11, 6]},
			"faces": {
				"north": {"uv": [5, 1, 6, 4], "texture": "#0"},
				"east": {"uv": [5, 1, 6, 4], "texture": "#0"},
				"south": {"uv": [5, 1, 6, 4], "texture": "#0"},
				"west": {"uv": [5, 1, 6, 4], "texture": "#0"},
				"up": {"uv": [5, 1, 6, 4], "texture": "#0"},
				"down": {"uv": [5, 1, 6, 4], "texture": "#0"}
			}
		},
		{
			"from": [5, 11, 5],
			"to": [6, 12, 6],
			"rotation": {"angle": 0, "axis": "y", "origin": [5, 11, 5]},
			"faces": {
				"up": {"uv": [5, 4, 6, 5], "texture": "#0"}
			}
		},
		{
			"from": [5, 11, 10],
			"to": [6, 12, 11],
			"rotation": {"angle": 0, "axis": "y", "origin": [5, 11, 10]},
			"faces": {
				"up": {"uv": [5, 4, 6, 5], "texture": "#0"}
			}
		},
		{
			"from": [10, 11, 5],
			"to": [11, 12, 6],
			"rotation": {"angle": 0, "axis": "y", "origin": [10, 11, 5]},
			"faces": {
				"up": {"uv": [5, 4, 6, 5], "texture": "#0"}
			}
		},
		{
			"from": [10, 11, 10],
			"to": [11, 12, 11],
			"rotation": {"angle": 0, "axis": "y", "origin": [10, 11, 10]},
			"faces": {
				"up": {"uv": [5, 4, 6, 5], "texture": "#0"}
			}
		},
		{
			"from": [10, 4, 5],
			"to": [11, 5, 6],
			"rotation": {"angle": 0, "axis": "y", "origin": [9, 4, 5]},
			"faces": {
				"north": {"uv": [5, 4, 6, 5], "texture": "#0"},
				"east": {"uv": [5, 4, 6, 5], "texture": "#0"},
				"south": {"uv": [5, 4, 6, 5], "texture": "#0"},
				"west": {"uv": [5, 4, 6, 5], "texture": "#0"},
				"up": {"uv": [5, 4, 6, 5], "texture": "#0"},
				"down": {"uv": [5, 4, 6, 5], "texture": "#0"}
			}
		},
		{
			"from": [5, 4, 5],
			"to": [6, 5, 6],
			"rotation": {"angle": 0, "axis": "y", "origin": [4, 4, 5]},
			"faces": {
				"north": {"uv": [5, 4, 6, 5], "texture": "#0"},
				"east": {"uv": [5, 4, 6, 5], "texture": "#0"},
				"south": {"uv": [5, 4, 6, 5], "texture": "#0"},
				"west": {"uv": [5, 4, 6, 5], "texture": "#0"},
				"up": {"uv": [5, 4, 6, 5], "texture": "#0"},
				"down": {"uv": [5, 4, 6, 5], "texture": "#0"}
			}
		},
		{
			"from": [10, 4, 10],
			"to": [11, 5, 11],
			"rotation": {"angle": 0, "axis": "y", "origin": [9, 4, 10]},
			"faces": {
				"north": {"uv": [5, 4, 6, 5], "texture": "#0"},
				"east": {"uv": [5, 4, 6, 5], "texture": "#0"},
				"south": {"uv": [5, 4, 6, 5], "texture": "#0"},
				"west": {"uv": [5, 4, 6, 5], "texture": "#0"},
				"up": {"uv": [5, 4, 6, 5], "texture": "#0"},
				"down": {"uv": [5, 4, 6, 5], "texture": "#0"}
			}
		},
		{
			"from": [5, 4, 10],
			"to": [6, 5, 11],
			"rotation": {"angle": 0, "axis": "y", "origin": [4, 4, 10]},
			"faces": {
				"north": {"uv": [5, 4, 6, 5], "texture": "#0"},
				"east": {"uv": [5, 4, 6, 5], "texture": "#0"},
				"south": {"uv": [5, 4, 6, 5], "texture": "#0"},
				"west": {"uv": [5, 4, 6, 5], "texture": "#0"},
				"up": {"uv": [5, 4, 6, 5], "texture": "#0"},
				"down": {"uv": [5, 4, 6, 5], "texture": "#0"}
			}
		}
	]
}