{
	"format_version": "1.21.6",
	"credit": "Made with Blockbench",
	"texture_size": [32, 32],
	"textures": {
		"0": "pipez:item/wrench",
		"particle": "pipez:item/wrench"
	},
	"elements": [
		{
			"from": [7, 0, 10],
			"to": [9, 5, 12],
			"rotation": {"angle": -22.5, "axis": "x", "origin": [8, 5, 10]},
			"faces": {
				"north": {"uv": [3, 6, 4, 8.5], "texture": "#0"},
				"east": {"uv": [1, 6, 2, 8.5], "texture": "#0"},
				"south": {"uv": [2, 6, 3, 8.5], "texture": "#0"},
				"west": {"uv": [0, 6, 1, 8.5], "texture": "#0"},
				"up": {"uv": [0, 0, 0, 0], "texture": "#0"},
				"down": {"uv": [4, 7.5, 5, 8.5], "texture": "#0"}
			}
		},
		{
			"from": [6, 5, 8],
			"to": [10, 9, 15],
			"faces": {
				"north": {"uv": [7.5, 4, 9.5, 6], "texture": "#0"},
				"east": {"uv": [0, 0, 3.5, 2], "texture": "#0"},
				"south": {"uv": [7.5, 2, 9.5, 4], "texture": "#0"},
				"west": {"uv": [3.5, 0, 0, 2], "texture": "#0"},
				"up": {"uv": [4, 2, 7.5, 4], "rotation": 90, "texture": "#0"},
				"down": {"uv": [0, 4, 3.5, 6], "rotation": 90, "texture": "#0"}
			}
		},
		{
			"from": [7.5, 3.5, 9.5],
			"to": [8.5, 5.5, 10.5],
			"rotation": {"angle": -22.5, "axis": "x", "origin": [8, 5, 10]},
			"faces": {
				"north": {"uv": [4, 6, 4.5, 7], "texture": "#0"},
				"east": {"uv": [4, 6, 4.5, 7], "texture": "#0"},
				"south": {"uv": [0, 0, 0, 0], "texture": "#0"},
				"west": {"uv": [4, 6, 4.5, 7], "texture": "#0"},
				"up": {"uv": [0, 0, 0, 0], "texture": "#0"},
				"down": {"uv": [4, 6.5, 4.5, 7], "texture": "#0"}
			}
		},
		{
			"from": [6.5, 6, 9],
			"to": [9.5, 10, 16],
			"rotation": {"angle": 0, "axis": "y", "origin": [0, 0.5, -3]},
			"faces": {
				"north": {"uv": [5, 8.5, 6.5, 10.5], "texture": "#0"},
				"east": {"uv": [0, 12, 3.5, 14], "texture": "#0"},
				"south": {"uv": [3.5, 8.5, 5, 10.5], "texture": "#0", "cullface": "south"},
				"west": {"uv": [0, 8.5, 3.5, 10.5], "texture": "#0"},
				"up": {"uv": [0, 10.5, 3.5, 12], "rotation": 90, "texture": "#0"},
				"down": {"uv": [0, 14, 3.5, 15.5], "rotation": 90, "texture": "#0"}
			}
		},
		{
			"from": [5.5, 4.5, 11],
			"to": [10.5, 9.5, 14],
			"rotation": {"angle": 0, "axis": "y", "origin": [8, 7, 8]},
			"faces": {
				"north": {"uv": [9.5, 7.5, 12, 10], "texture": "#0"},
				"east": {"uv": [9.5, 5, 11, 7.5], "texture": "#0"},
				"south": {"uv": [12, 7.5, 14.5, 10], "texture": "#0"},
				"west": {"uv": [11, 5, 9.5, 7.5], "texture": "#0"},
				"up": {"uv": [11, 5, 12.5, 7.5], "rotation": 90, "texture": "#0"},
				"down": {"uv": [12.5, 5, 14, 7.5], "rotation": 90, "texture": "#0"}
			}
		},
		{
			"from": [7, 6, 5],
			"to": [9, 8, 8],
			"faces": {
				"north": {"uv": [7.5, 13.5, 8.5, 14.5], "texture": "#0"},
				"east": {"uv": [10.5, 10, 11.5, 12.5], "rotation": 90, "texture": "#0"},
				"south": {"uv": [0, 0, 0, 0], "texture": "#0"},
				"west": {"uv": [12.5, 10, 13.5, 12.5], "rotation": 90, "texture": "#0"},
				"up": {"uv": [9.5, 10, 10.5, 12.5], "texture": "#0"},
				"down": {"uv": [11.5, 10, 12.5, 12.5], "texture": "#0"}
			}
		},
		{
			"from": [7.46875, 8.46875, 1.5],
			"to": [8.46875, 9.46875, 5.5],
			"rotation": {"angle": 0, "axis": "z", "origin": [7.96875, 6.9375, 4.85355]},
			"faces": {
				"north": {"uv": [8.5, 12, 9, 12.5], "rotation": 90, "texture": "#0", "cullface": "north"},
				"east": {"uv": [8.5, 14, 9, 12], "rotation": 270, "texture": "#0"},
				"south": {"uv": [0, 0, 0, 0], "texture": "#0"},
				"west": {"uv": [8.5, 12, 9, 14], "rotation": 270, "texture": "#0"},
				"up": {"uv": [8.5, 12, 9, 14], "texture": "#0"},
				"down": {"uv": [8.5, 14, 9, 12], "texture": "#0"}
			}
		},
		{
			"from": [7.46875, 4.53125, 1.5],
			"to": [8.46875, 5.53125, 5.5],
			"rotation": {"angle": 0, "axis": "z", "origin": [7.96875, 7.0625, 4.85355]},
			"faces": {
				"north": {"uv": [8.5, 12, 9, 12.5], "rotation": 90, "texture": "#0", "cullface": "north"},
				"east": {"uv": [8.5, 14, 9, 12], "rotation": 270, "texture": "#0"},
				"south": {"uv": [0, 0, 0, 0], "texture": "#0"},
				"west": {"uv": [8.5, 12, 9, 14], "rotation": 270, "texture": "#0"},
				"up": {"uv": [8.5, 12, 9, 14], "texture": "#0"},
				"down": {"uv": [8.5, 14, 9, 12], "texture": "#0"}
			}
		},
		{
			"from": [7.49204, 7.2292, 3.9779],
			"to": [8.49204, 8.2292, 6.9779],
			"rotation": {"angle": 45, "axis": "x", "origin": [7.99204, 7, 6.20711]},
			"faces": {
				"north": {"uv": [0, 0, 0, 0], "texture": "#0"},
				"east": {"uv": [9, 13.5, 9.5, 12], "rotation": 270, "texture": "#0"},
				"south": {"uv": [0, 0, 0, 0], "texture": "#0"},
				"west": {"uv": [9, 12, 9.5, 13.5], "rotation": 270, "texture": "#0"},
				"up": {"uv": [9, 12, 9.5, 13.5], "texture": "#0"},
				"down": {"uv": [9, 13.5, 9.5, 12], "texture": "#0"}
			}
		},
		{
			"from": [7.49204, 4.7708, 6.43631],
			"to": [8.49204, 7.7708, 7.43631],
			"rotation": {"angle": 45, "axis": "x", "origin": [7.99204, 7, 6.20711]},
			"faces": {
				"north": {"uv": [9, 12, 9.5, 13.5], "rotation": 180, "texture": "#0"},
				"east": {"uv": [9, 13.5, 9.5, 12], "texture": "#0"},
				"south": {"uv": [9, 13.5, 9.5, 12], "texture": "#0"},
				"west": {"uv": [9, 12, 9.5, 13.5], "rotation": 180, "texture": "#0"},
				"up": {"uv": [0, 0, 0, 0], "texture": "#0"},
				"down": {"uv": [0, 0, 0, 0], "texture": "#0"}
			}
		}
	],
	"display": {
		"thirdperson_righthand": {
			"translation": [0, 2.25, -2],
			"scale": [0.6, 0.6, 0.6]
		},
		"thirdperson_lefthand": {
			"translation": [0, 2.25, -2],
			"scale": [0.6, 0.6, 0.6]
		},
		"firstperson_righthand": {
			"translation": [0, 0, -2.5],
			"scale": [0.8, 0.8, 0.8]
		},
		"firstperson_lefthand": {
			"translation": [0, 0, -2.5],
			"scale": [0.8, 0.8, 0.8]
		},
		"ground": {
			"scale": [0.4, 0.4, 0.4]
		},
		"gui": {
			"rotation": [30, -135, 0],
			"translation": [1, 0, 0]
		},
		"fixed": {
			"rotation": [0, 90, 0],
			"translation": [0, 0, -1.25]
		}
	}
}