{
	"format_version": "1.21.6",
	"credit": "Made with Blockbench",
	"parent": "pipez:block/pipe_extract",
	"textures": {
		"1": "#pipe_structure",
    	"3": "#pipe_type",
    	"particle": "#pipe_structure"
	},
	"elements": [
		{
			"from": [7, 11, 0],
			"to": [9, 11, 4],
			"rotation": {"angle": 0, "axis": "y", "origin": [-3, 0, 0]},
			"faces": {
				"up": {"uv": [6.75, 0, 9, 4], "texture": "#2"}
			}
		},
		{
			"from": [7, 5, 0],
			"to": [9, 5, 4],
			"rotation": {"angle": 0, "axis": "y", "origin": [-3, -6, 0]},
			"faces": {
				"down": {"uv": [6.75, 12, 9, 16], "texture": "#2"}
			}
		},
		{
			"from": [4, 4, 0],
			"to": [5, 6, 4],
			"rotation": {"angle": 0, "axis": "y", "origin": [3, 4, 0]},
			"faces": {
				"north": {"uv": [10, 5, 12, 4], "rotation": 270, "texture": "#1"},
				"south": {"uv": [10, 4, 12, 5], "rotation": 270, "texture": "#1"},
				"west": {"uv": [11, 4, 16, 6], "texture": "#1"},
				"up": {"uv": [11, 11, 12, 16], "texture": "#1"},
				"down": {"uv": [10, 0, 11, 5], "texture": "#1"}
			}
		},
		{
			"from": [4, 10, 0],
			"to": [5, 12, 4],
			"rotation": {"angle": 0, "axis": "y", "origin": [3, 10, 0]},
			"faces": {
				"north": {"uv": [12, 5, 10, 4], "rotation": 270, "texture": "#1"},
				"south": {"uv": [12, 4, 10, 5], "rotation": 270, "texture": "#1"},
				"west": {"uv": [11, 6, 16, 4], "texture": "#1"},
				"up": {"uv": [10, 11, 11, 16], "texture": "#1"},
				"down": {"uv": [11, 0, 12, 5], "texture": "#1"}
			}
		},
		{
			"from": [11, 4, 0],
			"to": [12, 6, 4],
			"rotation": {"angle": 0, "axis": "y", "origin": [10, 4, 0]},
			"faces": {
				"north": {"uv": [10, 5, 12, 4], "rotation": 270, "texture": "#1"},
				"east": {"uv": [0, 4, 5, 6], "texture": "#1"},
				"south": {"uv": [10, 4, 12, 5], "rotation": 270, "texture": "#1"},
				"up": {"uv": [11, 11, 12, 16], "texture": "#1"},
				"down": {"uv": [10, 0, 11, 5], "texture": "#1"}
			}
		},
		{
			"from": [11, 10, 0],
			"to": [12, 12, 4],
			"rotation": {"angle": 0, "axis": "y", "origin": [10, 10, 0]},
			"faces": {
				"north": {"uv": [12, 4, 10, 5], "rotation": 270, "texture": "#1"},
				"east": {"uv": [0, 6, 5, 4], "texture": "#1"},
				"south": {"uv": [12, 4, 10, 5], "rotation": 270, "texture": "#1"},
				"up": {"uv": [10, 11, 11, 16], "texture": "#1"},
				"down": {"uv": [11, 0, 12, 5], "texture": "#1"}
			}
		},
		{
			"from": [5, 4, 0],
			"to": [6, 5, 4],
			"rotation": {"angle": 0, "axis": "y", "origin": [4, 4, 0]},
			"faces": {
				"north": {"uv": [15, 4, 16, 5], "texture": "#1"},
				"east": {"uv": [11, 4, 16, 5], "texture": "#1"},
				"south": {"uv": [11, 0, 12, 1], "texture": "#1"},
				"down": {"uv": [11, 0, 12, 5], "texture": "#1"}
			}
		},
		{
			"from": [5, 11, 0],
			"to": [6, 12, 4],
			"rotation": {"angle": 0, "axis": "y", "origin": [4, 11, 0]},
			"faces": {
				"north": {"uv": [15, 4, 16, 5], "texture": "#1"},
				"east": {"uv": [11, 4, 16, 5], "texture": "#1"},
				"south": {"uv": [11, 0, 12, 1], "texture": "#1"},
				"up": {"uv": [11, 0, 12, 5], "texture": "#1"}
			}
		},
		{
			"from": [10, 4, 0],
			"to": [11, 5, 4],
			"rotation": {"angle": 0, "axis": "y", "origin": [9, 4, 0]},
			"faces": {
				"north": {"uv": [15, 4, 16, 5], "texture": "#1"},
				"south": {"uv": [11, 0, 12, 1], "texture": "#1"},
				"west": {"uv": [0, 4, 5, 5], "texture": "#1"},
				"down": {"uv": [11, 0, 12, 5], "texture": "#1"}
			}
		},
		{
			"from": [10, 11, 0],
			"to": [11, 12, 4],
			"rotation": {"angle": 0, "axis": "y", "origin": [9, 11, 0]},
			"faces": {
				"north": {"uv": [15, 4, 16, 5], "texture": "#1"},
				"south": {"uv": [11, 0, 12, 1], "texture": "#1"},
				"west": {"uv": [0, 4, 5, 5], "texture": "#1"},
				"up": {"uv": [4, 0, 5, 5], "texture": "#1"}
			}
		},
		{
			"from": [11, 7, 0],
			"to": [11, 9, 4],
			"rotation": {"angle": 0, "axis": "y", "origin": [11, 7, 0]},
			"faces": {
				"east": {"uv": [12, 6.75, 16, 9], "texture": "#2"}
			}
		},
		{
			"from": [5, 7, 0],
			"to": [5, 9, 4],
			"rotation": {"angle": 0, "axis": "y", "origin": [5, 7, 0]},
			"faces": {
				"west": {"uv": [0, 6.75, 4, 9], "texture": "#2"}
			}
		},
		{
			"from": [5, 5, 0],
			"to": [7, 7, 4],
			"rotation": {"angle": 0, "axis": "y", "origin": [5, 5, 0]},
			"faces": {
				"west": {"uv": [0, 9, 4, 11], "texture": "#1"},
				"down": {"uv": [5, 12, 7, 16], "texture": "#1"}
			}
		},
		{
			"from": [9, 5, 0],
			"to": [11, 7, 4],
			"rotation": {"angle": 0, "axis": "y", "origin": [9, 5, 0]},
			"faces": {
				"east": {"uv": [12, 9, 16, 11], "texture": "#1"},
				"down": {"uv": [9, 12, 11, 16], "texture": "#1"}
			}
		},
		{
			"from": [5, 9, 0],
			"to": [7, 11, 4],
			"rotation": {"angle": 0, "axis": "y", "origin": [5, 9, 0]},
			"faces": {
				"west": {"uv": [0, 5, 4, 7], "texture": "#1"},
				"up": {"uv": [5, 0, 7, 4], "texture": "#1"}
			}
		},
		{
			"from": [9, 9, 0],
			"to": [11, 11, 4],
			"rotation": {"angle": 0, "axis": "y", "origin": [9, 9, 0]},
			"faces": {
				"east": {"uv": [12, 5, 16, 7], "texture": "#1"},
				"up": {"uv": [9, 0, 11, 4], "texture": "#1"}
			}
		},
		{
			"from": [5, 5, 0],
			"to": [11, 11, 0],
			"rotation": {"angle": 0, "axis": "y", "origin": [4, 5, 0]},
			"faces": {
				"north": {"uv": [5, 5, 11, 11], "texture": "#1"}
			}
		},
		{
			"from": [5, 5, 4],
			"to": [11, 11, 4],
			"rotation": {"angle": 0, "axis": "y", "origin": [4, 5, 4]},
			"faces": {
				"south": {"uv": [5, 5, 11, 11], "texture": "#1"}
			}
		}
	]
}