{
	"format_version": "1.21.6",
	"credit": "Made with Blockbench",
	"parent": "pipez:block/pipe_part",
	"textures": {
		"3": "pipez:block/pipe_tunnel_sides",
		"6": "pipez:block/universal_pipe_connector",
		"7": "pipez:block/pipe_tunnel_back",
		"8": "pipez:block/pipe_tunnel_front",
		"particle": "pipez:block/pipe_tunnel_sides"
	},
	"elements": [
		{
			"from": [3, 3, 2],
			"to": [13, 13, 3],
			"rotation": {"angle": 0, "axis": "y", "origin": [0, 0, -7]},
			"faces": {
				"east": {"uv": [6, 3, 7, 13], "texture": "#3"},
				"south": {"uv": [3, 3, 13, 13], "texture": "#7"},
				"west": {"uv": [9, 3, 10, 13], "texture": "#3"},
				"up": {"uv": [3, 9, 13, 10], "texture": "#3"},
				"down": {"uv": [3, 6, 13, 7], "texture": "#3"}
			}
		},
		{
			"from": [2, 2, 0],
			"to": [14, 14, 2],
			"rotation": {"angle": 0, "axis": "y", "origin": [0, 0, -7]},
			"faces": {
				"north": {"uv": [2, 2, 14, 14], "texture": "#8"},
				"east": {"uv": [14, 2, 16, 14], "texture": "#3"},
				"south": {"uv": [2, 2, 14, 14], "texture": "#7"},
				"west": {"uv": [0, 2, 2, 14], "texture": "#3"},
				"up": {"uv": [2, 0, 14, 2], "texture": "#3"},
				"down": {"uv": [2, 14, 14, 16], "texture": "#3"}
			}
		},
		{
			"from": [4, 4, -0.001],
			"to": [12, 12, 1.999],
			"rotation": {"angle": 0, "axis": "y", "origin": [0, 0, -8]},
			"faces": {
				"north": {"uv": [3, 3, 13, 13], "texture": "#6"}
			}
		}
	]
}