{
	"format_version": "1.21.6",
	"credit": "Made with Blockbench",
	"parent": "pipez:block/pipe_core",
	"render_type": "cutout",
	"textures": {
		"0": "pipez:block/universal_pipe",
		"1": "pipez:block/pipe_structure",
		"particle": "pipez:block/universal_pipe"
	},
	"elements": [
		{
			"from": [4, 6, 4],
			"to": [5, 10, 6],
			"faces": {
				"north": {"uv": [11, 12, 12, 15], "texture": "#0"},
				"east": {"uv": [10, 12, 12, 15], "texture": "#0"},
				"south": {"uv": [5, 12, 6, 15], "texture": "#0"},
				"west": {"uv": [4, 1, 6, 4], "texture": "#0"}
			}
		},
		{
			"from": [4, 6, 10],
			"to": [5, 10, 12],
			"faces": {
				"north": {"uv": [12, 10, 15, 11], "texture": "#0"},
				"east": {"uv": [12, 12, 10, 15], "texture": "#0"},
				"south": {"uv": [11, 12, 12, 15], "texture": "#0"},
				"west": {"uv": [15, 12, 12, 10], "rotation": 90, "texture": "#0"}
			}
		},
		{
			"from": [4, 4, 6],
			"to": [6, 6, 10],
			"faces": {
				"east": {"uv": [1, 12, 4, 10], "texture": "#0"},
				"west": {"uv": [4, 10, 1, 12], "texture": "#0"},
				"up": {"uv": [10, 12, 11, 15], "texture": "#0"},
				"down": {"uv": [1, 10, 4, 12], "rotation": 90, "texture": "#0"}
			}
		},
		{
			"from": [4, 10, 6],
			"to": [5, 12, 10],
			"rotation": {"angle": 0, "axis": "y", "origin": [0, -1, 0]},
			"faces": {
				"east": {"uv": [15, 4, 12, 6], "texture": "#0"},
				"west": {"uv": [12, 4, 15, 6], "texture": "#0"},
				"up": {"uv": [12, 4, 11, 1], "texture": "#0"},
				"down": {"uv": [10, 1, 11, 4], "texture": "#0"}
			}
		},
		{
			"from": [11, 6, 10],
			"to": [12, 10, 12],
			"rotation": {"angle": 0, "axis": "y", "origin": [7, 0, 0]},
			"faces": {
				"north": {"uv": [12, 10, 15, 11], "texture": "#0"},
				"east": {"uv": [12, 12, 10, 15], "texture": "#0"},
				"south": {"uv": [11, 12, 12, 15], "texture": "#0"},
				"west": {"uv": [15, 12, 12, 10], "rotation": 90, "texture": "#0"}
			}
		},
		{
			"from": [10, 4, 6],
			"to": [12, 6, 10],
			"rotation": {"angle": 0, "axis": "y", "origin": [7, 0, 0]},
			"faces": {
				"east": {"uv": [1, 10, 4, 12], "texture": "#0"},
				"west": {"uv": [4, 12, 1, 10], "texture": "#0"},
				"up": {"uv": [10, 12, 11, 15], "texture": "#0"},
				"down": {"uv": [1, 12, 4, 10], "rotation": 90, "texture": "#0"}
			}
		},
		{
			"from": [11, 6, 4],
			"to": [12, 10, 6],
			"rotation": {"angle": 0, "axis": "y", "origin": [7, 0, 0]},
			"faces": {
				"north": {"uv": [11, 12, 12, 15], "texture": "#0"},
				"east": {"uv": [10, 12, 12, 15], "texture": "#0"},
				"south": {"uv": [5, 12, 6, 15], "texture": "#0"},
				"west": {"uv": [4, 1, 6, 4], "texture": "#0"}
			}
		},
		{
			"from": [11, 10, 6],
			"to": [12, 12, 10],
			"rotation": {"angle": 0, "axis": "y", "origin": [7, -1, 0]},
			"faces": {
				"east": {"uv": [15, 4, 12, 6], "texture": "#0"},
				"west": {"uv": [12, 4, 15, 6], "texture": "#0"},
				"up": {"uv": [12, 4, 11, 1], "texture": "#0"},
				"down": {"uv": [10, 1, 11, 4], "texture": "#0"}
			}
		},
		{
			"from": [5, 5, 5],
			"to": [11, 11, 11],
			"faces": {
				"north": {"uv": [5, 5, 11, 11], "texture": "#0"},
				"east": {"uv": [5, 5, 11, 11], "texture": "#0"},
				"south": {"uv": [5, 5, 11, 11], "texture": "#0"},
				"west": {"uv": [5, 5, 11, 11], "texture": "#0"},
				"up": {"uv": [5, 5, 11, 11], "texture": "#0"},
				"down": {"uv": [5, 5, 11, 11], "texture": "#0"}
			}
		},
		{
			"from": [4, 5, 10],
			"to": [5, 6, 12],
			"rotation": {"angle": 0, "axis": "y", "origin": [4, 5, 10]},
			"faces": {
				"south": {"uv": [11, 4, 12, 5], "texture": "#0"},
				"west": {"uv": [10, 4, 12, 5], "texture": "#0"}
			}
		},
		{
			"from": [4, 4, 4],
			"to": [5, 5, 6],
			"rotation": {"angle": 0, "axis": "y", "origin": [4, 4, 4]},
			"faces": {
				"north": {"uv": [4, 3, 5, 4], "texture": "#0"},
				"south": {"uv": [11, 3, 12, 4], "texture": "#0"},
				"west": {"uv": [11, 3, 12, 5], "texture": "#0"},
				"up": {"uv": [11, 3, 12, 5], "texture": "#0"},
				"down": {"uv": [11, 3, 12, 5], "texture": "#0"}
			}
		},
		{
			"from": [4, 5, 4],
			"to": [5, 6, 6],
			"rotation": {"angle": 0, "axis": "y", "origin": [4, 5, 4]},
			"faces": {
				"north": {"uv": [4, 4, 5, 5], "texture": "#0"},
				"west": {"uv": [4, 4, 6, 5], "texture": "#0"}
			}
		},
		{
			"from": [4, 4, 10],
			"to": [5, 5, 12],
			"rotation": {"angle": 0, "axis": "y", "origin": [4, 4, 10]},
			"faces": {
				"south": {"uv": [11, 3, 12, 4], "texture": "#0"},
				"west": {"uv": [11, 3, 12, 5], "texture": "#0"},
				"up": {"uv": [11, 3, 12, 5], "texture": "#0"},
				"down": {"uv": [11, 3, 12, 5], "texture": "#0"}
			}
		},
		{
			"from": [4, 10, 4],
			"to": [5, 11, 6],
			"rotation": {"angle": 0, "axis": "y", "origin": [4, 10, 4]},
			"faces": {
				"north": {"uv": [4, 4, 5, 5], "texture": "#0"},
				"south": {"uv": [11, 4, 12, 5], "texture": "#0"},
				"west": {"uv": [12, 4, 10, 5], "texture": "#0"}
			}
		},
		{
			"from": [4, 11, 4],
			"to": [5, 12, 6],
			"rotation": {"angle": 0, "axis": "y", "origin": [4, 11, 4]},
			"faces": {
				"north": {"uv": [4, 3, 5, 4], "texture": "#0"},
				"south": {"uv": [11, 3, 12, 4], "texture": "#0"},
				"west": {"uv": [11, 3, 12, 5], "texture": "#0"},
				"up": {"uv": [11, 3, 12, 5], "texture": "#0"}
			}
		},
		{
			"from": [11, 11, 10],
			"to": [12, 12, 12],
			"rotation": {"angle": 0, "axis": "y", "origin": [11.5, 11, 11]},
			"faces": {
				"east": {"uv": [11, 3, 12, 5], "texture": "#0"},
				"south": {"uv": [4, 3, 5, 4], "texture": "#0"},
				"up": {"uv": [11, 3, 12, 5], "rotation": 180, "texture": "#0"}
			}
		},
		{
			"from": [11, 4, 10],
			"to": [12, 6, 11],
			"rotation": {"angle": 0, "axis": "x", "origin": [11.5, 5, 11]},
			"faces": {
				"east": {"uv": [12, 4, 10, 5], "rotation": 270, "texture": "#0"},
				"down": {"uv": [4, 4, 5, 5], "texture": "#0"}
			}
		},
		{
			"from": [11, 4, 11],
			"to": [12, 6, 12],
			"rotation": {"angle": 0, "axis": "x", "origin": [11.5, 5, 11]},
			"faces": {
				"east": {"uv": [11, 3, 12, 5], "rotation": 270, "texture": "#0"},
				"south": {"uv": [11, 3, 12, 5], "rotation": 180, "texture": "#0"},
				"down": {"uv": [4, 3, 5, 4], "texture": "#0"}
			}
		},
		{
			"from": [11, 10, 5],
			"to": [12, 12, 6],
			"rotation": {"angle": 0, "axis": "x", "origin": [11.5, 11, 5]},
			"faces": {
				"east": {"uv": [12, 4, 10, 5], "rotation": 90, "texture": "#0"},
				"up": {"uv": [4, 4, 5, 5], "texture": "#0"}
			}
		},
		{
			"from": [11, 10, 4],
			"to": [12, 12, 5],
			"rotation": {"angle": 0, "axis": "x", "origin": [11.5, 11, 5]},
			"faces": {
				"north": {"uv": [11, 3, 12, 5], "texture": "#0"},
				"east": {"uv": [11, 3, 12, 5], "rotation": 90, "texture": "#0"},
				"up": {"uv": [4, 3, 5, 4], "texture": "#0"}
			}
		},
		{
			"from": [11, 5, 4],
			"to": [12, 6, 6],
			"rotation": {"angle": 0, "axis": "x", "origin": [11.5, 5, 5]},
			"faces": {
				"north": {"uv": [4, 4, 5, 5], "rotation": 180, "texture": "#0"},
				"east": {"uv": [12, 4, 10, 5], "rotation": 180, "texture": "#0"}
			}
		},
		{
			"from": [11, 4, 4],
			"to": [12, 5, 6],
			"rotation": {"angle": 0, "axis": "x", "origin": [11.5, 5, 5]},
			"faces": {
				"north": {"uv": [4, 3, 5, 4], "rotation": 180, "texture": "#0"},
				"east": {"uv": [11, 3, 12, 5], "rotation": 180, "texture": "#0"},
				"down": {"uv": [11, 3, 12, 5], "rotation": 180, "texture": "#0"}
			}
		},
		{
			"from": [11, 10, 10],
			"to": [12, 11, 12],
			"rotation": {"angle": 0, "axis": "y", "origin": [11.5, 11, 11]},
			"faces": {
				"east": {"uv": [12, 4, 10, 5], "texture": "#0"},
				"south": {"uv": [4, 4, 5, 5], "texture": "#0"}
			}
		},
		{
			"from": [6, 4, 10],
			"to": [10, 6, 12],
			"rotation": {"angle": 0, "axis": "y", "origin": [5, 4, 10]},
			"faces": {
				"north": {"uv": [4, 12, 1, 10], "texture": "#0"},
				"south": {"uv": [1, 6, 4, 4], "texture": "#0"},
				"up": {"uv": [1, 12, 4, 10], "texture": "#0"},
				"down": {"uv": [1, 4, 4, 6], "texture": "#0"}
			}
		},
		{
			"from": [6, 4, 4],
			"to": [10, 6, 6],
			"rotation": {"angle": 0, "axis": "y", "origin": [5, 4, 4]},
			"faces": {
				"north": {"uv": [4, 10, 1, 12], "texture": "#0"},
				"south": {"uv": [1, 4, 4, 6], "texture": "#0"},
				"up": {"uv": [1, 10, 4, 12], "texture": "#0"},
				"down": {"uv": [1, 10, 4, 12], "texture": "#0"}
			}
		},
		{
			"from": [6, 10, 10],
			"to": [10, 12, 12],
			"rotation": {"angle": 0, "axis": "y", "origin": [5, 10, 10]},
			"faces": {
				"north": {"uv": [1, 10, 4, 12], "texture": "#0"},
				"south": {"uv": [1, 4, 4, 6], "texture": "#0"},
				"up": {"uv": [1, 6, 4, 4], "texture": "#0"},
				"down": {"uv": [1, 10, 4, 12], "texture": "#0"}
			}
		},
		{
			"from": [6, 10, 4],
			"to": [10, 12, 6],
			"rotation": {"angle": 0, "axis": "y", "origin": [5, 10, 4]},
			"faces": {
				"north": {"uv": [4, 12, 1, 10], "texture": "#0"},
				"south": {"uv": [1, 10, 4, 12], "texture": "#0"},
				"up": {"uv": [1, 12, 4, 10], "texture": "#0"},
				"down": {"uv": [1, 4, 4, 6], "texture": "#0"}
			}
		},
		{
			"from": [10, 4, 4],
			"to": [11, 6, 5],
			"rotation": {"angle": 0, "axis": "y", "origin": [9, 4, 4]},
			"faces": {
				"north": {"uv": [11, 10, 12, 12], "texture": "#0"},
				"down": {"uv": [4, 4, 5, 5], "texture": "#0"}
			}
		},
		{
			"from": [5, 10, 11],
			"to": [6, 12, 12],
			"rotation": {"angle": 0, "axis": "y", "origin": [5.5, 11, 11.5]},
			"faces": {
				"south": {"uv": [11, 12, 12, 10], "texture": "#0"},
				"up": {"uv": [4, 4, 5, 5], "rotation": 180, "texture": "#0"}
			}
		},
		{
			"from": [4, 10, 10],
			"to": [5, 11, 12],
			"rotation": {"angle": 0, "axis": "y", "origin": [4, 10, 10]},
			"faces": {
				"north": {"uv": [0, 0, 1, 1], "texture": "#missing"},
				"south": {"uv": [11, 4, 12, 5], "texture": "#0"},
				"west": {"uv": [10, 4, 12, 5], "texture": "#0"}
			}
		},
		{
			"from": [4, 11, 10],
			"to": [5, 12, 12],
			"rotation": {"angle": 0, "axis": "y", "origin": [4, 11, 10]},
			"faces": {
				"north": {"uv": [0, 0, 1, 1], "texture": "#missing"},
				"south": {"uv": [11, 3, 12, 4], "texture": "#0"},
				"west": {"uv": [11, 3, 12, 5], "texture": "#0"},
				"up": {"uv": [11, 3, 12, 5], "texture": "#0"}
			}
		},
		{
			"from": [5, 4, 11],
			"to": [6, 6, 12],
			"rotation": {"angle": 0, "axis": "y", "origin": [5.5, 5, 11.5]},
			"faces": {
				"south": {"uv": [11, 6, 12, 4], "texture": "#0"},
				"down": {"uv": [4, 4, 5, 5], "texture": "#0"}
			}
		},
		{
			"from": [10, 4, 11],
			"to": [11, 6, 12],
			"rotation": {"angle": 0, "axis": "y", "origin": [10.5, 5, 11.5]},
			"faces": {
				"south": {"uv": [11, 6, 12, 4], "texture": "#0"},
				"down": {"uv": [4, 4, 5, 5], "rotation": 180, "texture": "#0"}
			}
		},
		{
			"from": [10, 10, 11],
			"to": [11, 12, 12],
			"rotation": {"angle": 0, "axis": "y", "origin": [10.5, 11, 11.5]},
			"faces": {
				"south": {"uv": [11, 12, 12, 10], "texture": "#0"},
				"up": {"uv": [4, 4, 5, 5], "rotation": 180, "texture": "#0"}
			}
		},
		{
			"from": [5, 10, 4],
			"to": [6, 12, 5],
			"rotation": {"angle": 0, "axis": "y", "origin": [4, 10, 4]},
			"faces": {
				"north": {"uv": [11, 12, 12, 10], "texture": "#0"},
				"up": {"uv": [4, 4, 5, 5], "texture": "#0"}
			}
		},
		{
			"from": [10, 10, 4],
			"to": [11, 12, 5],
			"rotation": {"angle": 0, "axis": "y", "origin": [9, 10, 4]},
			"faces": {
				"north": {"uv": [11, 12, 12, 10], "texture": "#0"},
				"up": {"uv": [4, 4, 5, 5], "texture": "#0"}
			}
		},
		{
			"from": [5, 6, 4],
			"to": [6, 10, 5],
			"rotation": {"angle": 0, "axis": "y", "origin": [5, 7, 4]},
			"faces": {
				"north": {"uv": [10, 1, 11, 4], "texture": "#0"},
				"east": {"uv": [10, 1, 11, 4], "texture": "#0"},
				"south": {"uv": [10, 1, 11, 4], "texture": "#0"},
				"west": {"uv": [10, 1, 11, 4], "texture": "#0"},
				"up": {"uv": [10, 1, 11, 4], "texture": "#0"},
				"down": {"uv": [10, 1, 11, 4], "texture": "#0"}
			}
		},
		{
			"from": [10, 6, 4],
			"to": [11, 10, 5],
			"rotation": {"angle": 0, "axis": "y", "origin": [10, 7, 4]},
			"faces": {
				"north": {"uv": [5, 1, 6, 4], "texture": "#0"},
				"east": {"uv": [5, 1, 6, 4], "texture": "#0"},
				"south": {"uv": [5, 1, 6, 4], "texture": "#0"},
				"west": {"uv": [5, 1, 6, 4], "texture": "#0"},
				"up": {"uv": [5, 1, 6, 4], "texture": "#0"},
				"down": {"uv": [5, 1, 6, 4], "texture": "#0"}
			}
		},
		{
			"from": [5, 6, 11],
			"to": [6, 10, 12],
			"rotation": {"angle": 0, "axis": "y", "origin": [5, 7, 11]},
			"faces": {
				"north": {"uv": [5, 1, 6, 4], "texture": "#0"},
				"east": {"uv": [5, 1, 6, 4], "texture": "#0"},
				"south": {"uv": [5, 1, 6, 4], "texture": "#0"},
				"west": {"uv": [5, 1, 6, 4], "texture": "#0"},
				"up": {"uv": [5, 1, 6, 4], "texture": "#0"},
				"down": {"uv": [5, 1, 6, 4], "texture": "#0"}
			}
		},
		{
			"from": [10, 6, 11],
			"to": [11, 10, 12],
			"rotation": {"angle": 0, "axis": "y", "origin": [10, 7, 11]},
			"faces": {
				"north": {"uv": [10, 1, 11, 4], "texture": "#0"},
				"east": {"uv": [10, 1, 11, 4], "texture": "#0"},
				"south": {"uv": [10, 1, 11, 4], "texture": "#0"},
				"west": {"uv": [10, 1, 11, 4], "texture": "#0"},
				"up": {"uv": [10, 1, 11, 4], "texture": "#0"},
				"down": {"uv": [10, 1, 11, 4], "texture": "#0"}
			}
		},
		{
			"from": [5, 11, 6],
			"to": [6, 12, 10],
			"rotation": {"angle": 0, "axis": "y", "origin": [5, 11, 6]},
			"faces": {
				"north": {"uv": [5, 1, 6, 4], "texture": "#0"},
				"east": {"uv": [5, 1, 6, 4], "texture": "#0"},
				"south": {"uv": [5, 1, 6, 4], "texture": "#0"},
				"west": {"uv": [5, 1, 6, 4], "texture": "#0"},
				"up": {"uv": [5, 1, 6, 4], "texture": "#0"},
				"down": {"uv": [5, 1, 6, 4], "texture": "#0"}
			}
		},
		{
			"from": [10, 11, 6],
			"to": [11, 12, 10],
			"rotation": {"angle": 0, "axis": "y", "origin": [10, 11, 6]},
			"faces": {
				"north": {"uv": [5, 1, 6, 4], "texture": "#0"},
				"east": {"uv": [5, 1, 6, 4], "texture": "#0"},
				"south": {"uv": [5, 1, 6, 4], "texture": "#0"},
				"west": {"uv": [5, 1, 6, 4], "texture": "#0"},
				"up": {"uv": [5, 1, 6, 4], "texture": "#0"},
				"down": {"uv": [5, 1, 6, 4], "texture": "#0"}
			}
		},
		{
			"from": [5, 4, 4],
			"to": [6, 6, 5],
			"rotation": {"angle": 0, "axis": "y", "origin": [4, 4, 4]},
			"faces": {
				"north": {"uv": [11, 10, 12, 12], "texture": "#0"},
				"down": {"uv": [4, 4, 5, 5], "texture": "#0"}
			}
		},
		{
			"from": [5, 11, 6],
			"to": [6, 12, 10],
			"rotation": {"angle": 0, "axis": "y", "origin": [5, 11, 6]},
			"faces": {
				"north": {"uv": [5, 1, 6, 4], "texture": "#0"},
				"east": {"uv": [5, 1, 6, 4], "texture": "#0"},
				"south": {"uv": [5, 1, 6, 4], "texture": "#0"},
				"west": {"uv": [5, 1, 6, 4], "texture": "#0"},
				"up": {"uv": [5, 1, 6, 4], "texture": "#0"},
				"down": {"uv": [5, 1, 6, 4], "texture": "#0"}
			}
		},
		{
			"from": [5, 11, 5],
			"to": [6, 12, 6],
			"rotation": {"angle": 0, "axis": "y", "origin": [5, 11, 5]},
			"faces": {
				"up": {"uv": [5, 4, 6, 5], "texture": "#0"}
			}
		},
		{
			"from": [5, 11, 10],
			"to": [6, 12, 11],
			"rotation": {"angle": 0, "axis": "y", "origin": [5, 11, 10]},
			"faces": {
				"up": {"uv": [5, 4, 6, 5], "texture": "#0"}
			}
		},
		{
			"from": [10, 11, 5],
			"to": [11, 12, 6],
			"rotation": {"angle": 0, "axis": "y", "origin": [10, 11, 5]},
			"faces": {
				"up": {"uv": [5, 4, 6, 5], "texture": "#0"}
			}
		},
		{
			"from": [10, 11, 10],
			"to": [11, 12, 11],
			"rotation": {"angle": 0, "axis": "y", "origin": [10, 11, 10]},
			"faces": {
				"up": {"uv": [5, 4, 6, 5], "texture": "#0"}
			}
		},
		{
			"from": [10, 4, 5],
			"to": [11, 5, 6],
			"rotation": {"angle": 0, "axis": "y", "origin": [9, 4, 5]},
			"faces": {
				"north": {"uv": [5, 4, 6, 5], "texture": "#0"},
				"east": {"uv": [5, 4, 6, 5], "texture": "#0"},
				"south": {"uv": [5, 4, 6, 5], "texture": "#0"},
				"west": {"uv": [5, 4, 6, 5], "texture": "#0"},
				"up": {"uv": [5, 4, 6, 5], "texture": "#0"},
				"down": {"uv": [5, 4, 6, 5], "texture": "#0"}
			}
		},
		{
			"from": [5, 4, 5],
			"to": [6, 5, 6],
			"rotation": {"angle": 0, "axis": "y", "origin": [4, 4, 5]},
			"faces": {
				"north": {"uv": [5, 4, 6, 5], "texture": "#0"},
				"east": {"uv": [5, 4, 6, 5], "texture": "#0"},
				"south": {"uv": [5, 4, 6, 5], "texture": "#0"},
				"west": {"uv": [5, 4, 6, 5], "texture": "#0"},
				"up": {"uv": [5, 4, 6, 5], "texture": "#0"},
				"down": {"uv": [5, 4, 6, 5], "texture": "#0"}
			}
		},
		{
			"from": [10, 4, 10],
			"to": [11, 5, 11],
			"rotation": {"angle": 0, "axis": "y", "origin": [9, 4, 10]},
			"faces": {
				"north": {"uv": [5, 4, 6, 5], "texture": "#0"},
				"east": {"uv": [5, 4, 6, 5], "texture": "#0"},
				"south": {"uv": [5, 4, 6, 5], "texture": "#0"},
				"west": {"uv": [5, 4, 6, 5], "texture": "#0"},
				"up": {"uv": [5, 4, 6, 5], "texture": "#0"},
				"down": {"uv": [5, 4, 6, 5], "texture": "#0"}
			}
		},
		{
			"from": [5, 4, 10],
			"to": [6, 5, 11],
			"rotation": {"angle": 0, "axis": "y", "origin": [4, 4, 10]},
			"faces": {
				"north": {"uv": [5, 4, 6, 5], "texture": "#0"},
				"east": {"uv": [5, 4, 6, 5], "texture": "#0"},
				"south": {"uv": [5, 4, 6, 5], "texture": "#0"},
				"west": {"uv": [5, 4, 6, 5], "texture": "#0"},
				"up": {"uv": [5, 4, 6, 5], "texture": "#0"},
				"down": {"uv": [5, 4, 6, 5], "texture": "#0"}
			}
		},
		{
			"from": [4, 4, 12],
			"to": [5, 6, 16],
			"rotation": {"angle": 0, "axis": "y", "origin": [3, 4, 12]},
			"faces": {
				"north": {"uv": [10, 5, 12, 4], "rotation": 270, "texture": "#0"},
				"east": {"uv": [0, 0, 0, 0], "texture": "#0"},
				"south": {"uv": [10, 4, 12, 5], "rotation": 270, "texture": "#0"},
				"west": {"uv": [11, 4, 16, 6], "texture": "#0"},
				"up": {"uv": [11, 11, 12, 16], "texture": "#0"},
				"down": {"uv": [10, 0, 11, 5], "texture": "#0"}
			}
		},
		{
			"from": [4, 10, 12],
			"to": [5, 12, 16],
			"rotation": {"angle": 0, "axis": "y", "origin": [3, 10, 12]},
			"faces": {
				"north": {"uv": [12, 5, 10, 4], "rotation": 270, "texture": "#0"},
				"east": {"uv": [0, 0, 0, 0], "texture": "#0"},
				"south": {"uv": [12, 4, 10, 5], "rotation": 270, "texture": "#0"},
				"west": {"uv": [11, 6, 16, 4], "texture": "#0"},
				"up": {"uv": [10, 11, 11, 16], "texture": "#0"},
				"down": {"uv": [11, 0, 12, 5], "texture": "#0"}
			}
		},
		{
			"from": [11, 4, 12],
			"to": [12, 6, 16],
			"rotation": {"angle": 0, "axis": "y", "origin": [10, 4, 12]},
			"faces": {
				"north": {"uv": [10, 5, 12, 4], "rotation": 270, "texture": "#0"},
				"east": {"uv": [0, 4, 5, 6], "texture": "#0"},
				"south": {"uv": [10, 4, 12, 5], "rotation": 270, "texture": "#0"},
				"west": {"uv": [0, 0, 0, 0], "texture": "#0"},
				"up": {"uv": [11, 11, 12, 16], "texture": "#0"},
				"down": {"uv": [10, 0, 11, 5], "texture": "#0"}
			}
		},
		{
			"from": [11, 10, 12],
			"to": [12, 12, 16],
			"rotation": {"angle": 0, "axis": "y", "origin": [10, 10, 12]},
			"faces": {
				"north": {"uv": [12, 4, 10, 5], "rotation": 270, "texture": "#0"},
				"east": {"uv": [0, 6, 5, 4], "texture": "#0"},
				"south": {"uv": [12, 4, 10, 5], "rotation": 270, "texture": "#0"},
				"west": {"uv": [0, 0, 0, 0], "texture": "#0"},
				"up": {"uv": [10, 11, 11, 16], "texture": "#0"},
				"down": {"uv": [11, 0, 12, 5], "texture": "#0"}
			}
		},
		{
			"from": [5, 4, 12],
			"to": [6, 5, 16],
			"rotation": {"angle": 0, "axis": "y", "origin": [4, 4, 12]},
			"faces": {
				"north": {"uv": [15, 4, 16, 5], "texture": "#0"},
				"east": {"uv": [11, 4, 16, 5], "texture": "#0"},
				"south": {"uv": [11, 0, 12, 1], "texture": "#0"},
				"west": {"uv": [0, 0, 0, 0], "texture": "#0"},
				"up": {"uv": [0, 0, 0, 0], "texture": "#0"},
				"down": {"uv": [11, 0, 12, 5], "texture": "#0"}
			}
		},
		{
			"from": [5, 11, 12],
			"to": [6, 12, 16],
			"rotation": {"angle": 0, "axis": "y", "origin": [4, 11, 12]},
			"faces": {
				"north": {"uv": [15, 4, 16, 5], "texture": "#0"},
				"east": {"uv": [11, 4, 16, 5], "texture": "#0"},
				"south": {"uv": [11, 0, 12, 1], "texture": "#0"},
				"west": {"uv": [0, 0, 0, 0], "texture": "#0"},
				"up": {"uv": [11, 0, 12, 5], "texture": "#0"},
				"down": {"uv": [0, 0, 0, 0], "texture": "#0"}
			}
		},
		{
			"from": [10, 4, 12],
			"to": [11, 5, 16],
			"rotation": {"angle": 0, "axis": "y", "origin": [9, 4, 12]},
			"faces": {
				"north": {"uv": [15, 4, 16, 5], "texture": "#0"},
				"east": {"uv": [0, 0, 0, 0], "texture": "#0"},
				"south": {"uv": [11, 0, 12, 1], "texture": "#0"},
				"west": {"uv": [0, 4, 5, 5], "texture": "#0"},
				"up": {"uv": [0, 0, 0, 0], "texture": "#0"},
				"down": {"uv": [11, 0, 12, 5], "texture": "#0"}
			}
		},
		{
			"from": [10, 11, 12],
			"to": [11, 12, 16],
			"rotation": {"angle": 0, "axis": "y", "origin": [9, 11, 12]},
			"faces": {
				"north": {"uv": [15, 4, 16, 5], "texture": "#0"},
				"east": {"uv": [0, 0, 0, 0], "texture": "#0"},
				"south": {"uv": [11, 0, 12, 1], "texture": "#0"},
				"west": {"uv": [0, 4, 5, 5], "texture": "#0"},
				"up": {"uv": [4, 0, 5, 5], "texture": "#0"},
				"down": {"uv": [0, 0, 0, 0], "texture": "#0"}
			}
		},
		{
			"from": [5, 5, 12],
			"to": [7, 7, 16],
			"rotation": {"angle": 0, "axis": "y", "origin": [5, 5, 12]},
			"faces": {
				"north": {"uv": [0, 0, 0, 0], "texture": "#0"},
				"east": {"uv": [0, 0, 0, 0], "texture": "#0"},
				"south": {"uv": [0, 0, 0, 0], "texture": "#0"},
				"west": {"uv": [0, 9, 4, 11], "texture": "#0"},
				"up": {"uv": [0, 0, 0, 0], "texture": "#0"},
				"down": {"uv": [5, 12, 7, 16], "texture": "#0"}
			}
		},
		{
			"from": [9, 5, 12],
			"to": [11, 7, 16],
			"rotation": {"angle": 0, "axis": "y", "origin": [9, 5, 12]},
			"faces": {
				"north": {"uv": [0, 0, 0, 0], "texture": "#0"},
				"east": {"uv": [12, 9, 16, 11], "texture": "#0"},
				"south": {"uv": [0, 0, 0, 0], "texture": "#0"},
				"west": {"uv": [0, 0, 0, 0], "texture": "#0"},
				"up": {"uv": [0, 0, 0, 0], "texture": "#0"},
				"down": {"uv": [9, 12, 11, 16], "texture": "#0"}
			}
		},
		{
			"from": [5, 9, 12],
			"to": [7, 11, 16],
			"rotation": {"angle": 0, "axis": "y", "origin": [5, 9, 12]},
			"faces": {
				"north": {"uv": [0, 0, 0, 0], "texture": "#0"},
				"east": {"uv": [0, 0, 0, 0], "texture": "#0"},
				"south": {"uv": [0, 0, 0, 0], "texture": "#0"},
				"west": {"uv": [0, 5, 4, 7], "texture": "#0"},
				"up": {"uv": [5, 0, 7, 4], "texture": "#0"},
				"down": {"uv": [0, 0, 0, 0], "texture": "#0"}
			}
		},
		{
			"from": [9, 9, 12],
			"to": [11, 11, 16],
			"rotation": {"angle": 0, "axis": "y", "origin": [9, 9, 12]},
			"faces": {
				"north": {"uv": [0, 0, 0, 0], "texture": "#0"},
				"east": {"uv": [12, 5, 16, 7], "texture": "#0"},
				"south": {"uv": [0, 0, 0, 0], "texture": "#0"},
				"west": {"uv": [0, 0, 0, 0], "texture": "#0"},
				"up": {"uv": [9, 0, 11, 4], "texture": "#0"},
				"down": {"uv": [0, 0, 0, 0], "texture": "#0"}
			}
		},
		{
			"from": [5, 5, 12],
			"to": [11, 11, 12],
			"rotation": {"angle": 0, "axis": "y", "origin": [4, 5, 12]},
			"faces": {
				"north": {"uv": [5, 5, 11, 11], "texture": "#0"},
				"east": {"uv": [0, 0, 0, 0], "texture": "#0"},
				"south": {"uv": [0, 0, 0, 0], "texture": "#0"},
				"west": {"uv": [0, 0, 0, 0], "texture": "#0"},
				"up": {"uv": [0, 0, 0, 0], "texture": "#0"},
				"down": {"uv": [0, 0, 0, 0], "texture": "#0"}
			}
		},
		{
			"from": [5, 5, 16],
			"to": [11, 11, 16],
			"rotation": {"angle": 0, "axis": "y", "origin": [4, 5, 16]},
			"faces": {
				"north": {"uv": [0, 0, 0, 0], "texture": "#0"},
				"east": {"uv": [0, 0, 0, 0], "texture": "#0"},
				"south": {"uv": [5, 5, 11, 11], "texture": "#0"},
				"west": {"uv": [0, 0, 0, 0], "texture": "#0"},
				"up": {"uv": [0, 0, 0, 0], "texture": "#0"},
				"down": {"uv": [0, 0, 0, 0], "texture": "#0"}
			}
		},
		{
			"from": [7, 11, 12],
			"to": [9, 11, 16],
			"rotation": {"angle": 0, "axis": "y", "origin": [-3, 0, 12]},
			"faces": {
				"north": {"uv": [0, 0, 0, 0], "texture": "#1"},
				"east": {"uv": [0, 0, 0, 0], "texture": "#1"},
				"south": {"uv": [0, 0, 0, 0], "texture": "#1"},
				"west": {"uv": [0, 0, 0, 0], "texture": "#1"},
				"up": {"uv": [6.75, 0, 9, 4], "texture": "#1"},
				"down": {"uv": [0, 0, 0, 0], "texture": "#1"}
			}
		},
		{
			"from": [7, 5, 12],
			"to": [9, 5, 16],
			"rotation": {"angle": 0, "axis": "y", "origin": [-3, -6, 12]},
			"faces": {
				"north": {"uv": [0, 0, 0, 0], "texture": "#1"},
				"east": {"uv": [0, 0, 0, 0], "texture": "#1"},
				"south": {"uv": [0, 0, 0, 0], "texture": "#1"},
				"west": {"uv": [0, 0, 0, 0], "texture": "#1"},
				"up": {"uv": [0, 0, 0, 0], "texture": "#1"},
				"down": {"uv": [6.75, 12, 9, 16], "texture": "#1"}
			}
		},
		{
			"from": [11, 7, 12],
			"to": [11, 9, 16],
			"rotation": {"angle": 0, "axis": "y", "origin": [11, 7, 12]},
			"faces": {
				"north": {"uv": [0, 0, 0, 0], "texture": "#1"},
				"east": {"uv": [12, 6.75, 16, 9], "texture": "#1"},
				"south": {"uv": [0, 0, 0, 0], "texture": "#1"},
				"west": {"uv": [0, 0, 0, 0], "texture": "#1"},
				"up": {"uv": [0, 0, 0, 0], "texture": "#1"},
				"down": {"uv": [0, 0, 0, 0], "texture": "#1"}
			}
		},
		{
			"from": [5, 7, 12],
			"to": [5, 9, 16],
			"rotation": {"angle": 0, "axis": "y", "origin": [5, 7, 12]},
			"faces": {
				"north": {"uv": [0, 0, 0, 0], "texture": "#1"},
				"east": {"uv": [0, 0, 0, 0], "texture": "#1"},
				"south": {"uv": [0, 0, 0, 0], "texture": "#1"},
				"west": {"uv": [0, 6.75, 4, 9], "texture": "#1"},
				"up": {"uv": [0, 0, 0, 0], "texture": "#1"},
				"down": {"uv": [0, 0, 0, 0], "texture": "#1"}
			}
		},
		{
			"from": [7, 11, 0],
			"to": [9, 11, 4],
			"rotation": {"angle": 0, "axis": "y", "origin": [-3, 0, 0]},
			"faces": {
				"north": {"uv": [0, 0, 0, 0], "texture": "#1"},
				"east": {"uv": [0, 0, 0, 0], "texture": "#1"},
				"south": {"uv": [0, 0, 0, 0], "texture": "#1"},
				"west": {"uv": [0, 0, 0, 0], "texture": "#1"},
				"up": {"uv": [6.75, 0, 9, 4], "texture": "#1"},
				"down": {"uv": [0, 0, 0, 0], "texture": "#1"}
			}
		},
		{
			"from": [7, 5, 0],
			"to": [9, 5, 4],
			"rotation": {"angle": 0, "axis": "y", "origin": [-3, -6, 0]},
			"faces": {
				"north": {"uv": [0, 0, 0, 0], "texture": "#1"},
				"east": {"uv": [0, 0, 0, 0], "texture": "#1"},
				"south": {"uv": [0, 0, 0, 0], "texture": "#1"},
				"west": {"uv": [0, 0, 0, 0], "texture": "#1"},
				"up": {"uv": [0, 0, 0, 0], "texture": "#1"},
				"down": {"uv": [6.75, 12, 9, 16], "texture": "#1"}
			}
		},
		{
			"from": [11, 7, 0],
			"to": [11, 9, 4],
			"rotation": {"angle": 0, "axis": "y", "origin": [11, 7, 0]},
			"faces": {
				"north": {"uv": [0, 0, 0, 0], "texture": "#1"},
				"east": {"uv": [12, 6.75, 16, 9], "texture": "#1"},
				"south": {"uv": [0, 0, 0, 0], "texture": "#1"},
				"west": {"uv": [0, 0, 0, 0], "texture": "#1"},
				"up": {"uv": [0, 0, 0, 0], "texture": "#1"},
				"down": {"uv": [0, 0, 0, 0], "texture": "#1"}
			}
		},
		{
			"from": [5, 7, 0],
			"to": [5, 9, 4],
			"rotation": {"angle": 0, "axis": "y", "origin": [5, 7, 0]},
			"faces": {
				"north": {"uv": [0, 0, 0, 0], "texture": "#1"},
				"east": {"uv": [0, 0, 0, 0], "texture": "#1"},
				"south": {"uv": [0, 0, 0, 0], "texture": "#1"},
				"west": {"uv": [0, 6.75, 4, 9], "texture": "#1"},
				"up": {"uv": [0, 0, 0, 0], "texture": "#1"},
				"down": {"uv": [0, 0, 0, 0], "texture": "#1"}
			}
		},
		{
			"from": [12, 11, 7],
			"to": [16, 11, 9],
			"rotation": {"angle": 0, "axis": "y", "origin": [8, 8, 8]},
			"faces": {
				"north": {"uv": [0, 0, 0, 0], "texture": "#1"},
				"east": {"uv": [0, 0, 0, 0], "texture": "#1"},
				"south": {"uv": [0, 0, 0, 0], "texture": "#1"},
				"west": {"uv": [0, 0, 0, 0], "texture": "#1"},
				"up": {"uv": [6.75, 0, 9, 4], "rotation": 270, "texture": "#1"},
				"down": {"uv": [0, 0, 0, 0], "rotation": 90, "texture": "#1"}
			}
		},
		{
			"from": [12, 5, 7],
			"to": [16, 5, 9],
			"rotation": {"angle": 0, "axis": "y", "origin": [8, 8, 8]},
			"faces": {
				"north": {"uv": [0, 0, 0, 0], "texture": "#1"},
				"east": {"uv": [0, 0, 0, 0], "texture": "#1"},
				"south": {"uv": [0, 0, 0, 0], "texture": "#1"},
				"west": {"uv": [0, 0, 0, 0], "texture": "#1"},
				"up": {"uv": [0, 0, 0, 0], "rotation": 270, "texture": "#1"},
				"down": {"uv": [6.75, 12, 9, 16], "rotation": 90, "texture": "#1"}
			}
		},
		{
			"from": [12, 7, 5],
			"to": [16, 9, 5],
			"rotation": {"angle": 0, "axis": "y", "origin": [8, 8, 8]},
			"faces": {
				"north": {"uv": [12, 6.75, 16, 9], "texture": "#1"},
				"east": {"uv": [0, 0, 0, 0], "texture": "#1"},
				"south": {"uv": [0, 0, 0, 0], "texture": "#1"},
				"west": {"uv": [0, 0, 0, 0], "texture": "#1"},
				"up": {"uv": [0, 0, 0, 0], "rotation": 270, "texture": "#1"},
				"down": {"uv": [0, 0, 0, 0], "rotation": 90, "texture": "#1"}
			}
		},
		{
			"from": [12, 7, 11],
			"to": [16, 9, 11],
			"rotation": {"angle": 0, "axis": "y", "origin": [8, 8, 8]},
			"faces": {
				"north": {"uv": [0, 0, 0, 0], "texture": "#1"},
				"east": {"uv": [0, 0, 0, 0], "texture": "#1"},
				"south": {"uv": [0, 6.75, 4, 9], "texture": "#1"},
				"west": {"uv": [0, 0, 0, 0], "texture": "#1"},
				"up": {"uv": [0, 0, 0, 0], "rotation": 270, "texture": "#1"},
				"down": {"uv": [0, 0, 0, 0], "rotation": 90, "texture": "#1"}
			}
		},
		{
			"from": [0, 11, 7],
			"to": [4, 11, 9],
			"rotation": {"angle": 0, "axis": "y", "origin": [8, 8, 8]},
			"faces": {
				"north": {"uv": [0, 0, 0, 0], "texture": "#1"},
				"east": {"uv": [0, 0, 0, 0], "texture": "#1"},
				"south": {"uv": [0, 0, 0, 0], "texture": "#1"},
				"west": {"uv": [0, 0, 0, 0], "texture": "#1"},
				"up": {"uv": [6.75, 0, 9, 4], "rotation": 270, "texture": "#1"},
				"down": {"uv": [0, 0, 0, 0], "rotation": 90, "texture": "#1"}
			}
		},
		{
			"from": [0, 5, 7],
			"to": [4, 5, 9],
			"rotation": {"angle": 0, "axis": "y", "origin": [8, 8, 8]},
			"faces": {
				"north": {"uv": [0, 0, 0, 0], "texture": "#1"},
				"east": {"uv": [0, 0, 0, 0], "texture": "#1"},
				"south": {"uv": [0, 0, 0, 0], "texture": "#1"},
				"west": {"uv": [0, 0, 0, 0], "texture": "#1"},
				"up": {"uv": [0, 0, 0, 0], "rotation": 270, "texture": "#1"},
				"down": {"uv": [6.75, 12, 9, 16], "rotation": 90, "texture": "#1"}
			}
		},
		{
			"from": [0, 7, 5],
			"to": [4, 9, 5],
			"rotation": {"angle": 0, "axis": "y", "origin": [8, 8, 8]},
			"faces": {
				"north": {"uv": [12, 6.75, 16, 9], "texture": "#1"},
				"east": {"uv": [0, 0, 0, 0], "texture": "#1"},
				"south": {"uv": [0, 0, 0, 0], "texture": "#1"},
				"west": {"uv": [0, 0, 0, 0], "texture": "#1"},
				"up": {"uv": [0, 0, 0, 0], "rotation": 270, "texture": "#1"},
				"down": {"uv": [0, 0, 0, 0], "rotation": 90, "texture": "#1"}
			}
		},
		{
			"from": [0, 7, 11],
			"to": [4, 9, 11],
			"rotation": {"angle": 0, "axis": "y", "origin": [8, 8, 8]},
			"faces": {
				"north": {"uv": [0, 0, 0, 0], "texture": "#1"},
				"east": {"uv": [0, 0, 0, 0], "texture": "#1"},
				"south": {"uv": [0, 6.75, 4, 9], "texture": "#1"},
				"west": {"uv": [0, 0, 0, 0], "texture": "#1"},
				"up": {"uv": [0, 0, 0, 0], "rotation": 270, "texture": "#1"},
				"down": {"uv": [0, 0, 0, 0], "rotation": 90, "texture": "#1"}
			}
		},
		{
			"from": [4, 4, 0],
			"to": [5, 6, 4],
			"rotation": {"angle": 0, "axis": "y", "origin": [3, 4, 0]},
			"faces": {
				"north": {"uv": [10, 5, 12, 4], "rotation": 270, "texture": "#0"},
				"east": {"uv": [0, 0, 0, 0], "texture": "#0"},
				"south": {"uv": [10, 4, 12, 5], "rotation": 270, "texture": "#0"},
				"west": {"uv": [11, 4, 16, 6], "texture": "#0"},
				"up": {"uv": [11, 11, 12, 16], "texture": "#0"},
				"down": {"uv": [10, 0, 11, 5], "texture": "#0"}
			}
		},
		{
			"from": [4, 10, 0],
			"to": [5, 12, 4],
			"rotation": {"angle": 0, "axis": "y", "origin": [3, 10, 0]},
			"faces": {
				"north": {"uv": [12, 5, 10, 4], "rotation": 270, "texture": "#0"},
				"east": {"uv": [0, 0, 0, 0], "texture": "#0"},
				"south": {"uv": [12, 4, 10, 5], "rotation": 270, "texture": "#0"},
				"west": {"uv": [11, 6, 16, 4], "texture": "#0"},
				"up": {"uv": [10, 11, 11, 16], "texture": "#0"},
				"down": {"uv": [11, 0, 12, 5], "texture": "#0"}
			}
		},
		{
			"from": [11, 4, 0],
			"to": [12, 6, 4],
			"rotation": {"angle": 0, "axis": "y", "origin": [10, 4, 0]},
			"faces": {
				"north": {"uv": [10, 5, 12, 4], "rotation": 270, "texture": "#0"},
				"east": {"uv": [0, 4, 5, 6], "texture": "#0"},
				"south": {"uv": [10, 4, 12, 5], "rotation": 270, "texture": "#0"},
				"west": {"uv": [0, 0, 0, 0], "texture": "#0"},
				"up": {"uv": [11, 11, 12, 16], "texture": "#0"},
				"down": {"uv": [10, 0, 11, 5], "texture": "#0"}
			}
		},
		{
			"from": [11, 10, 0],
			"to": [12, 12, 4],
			"rotation": {"angle": 0, "axis": "y", "origin": [10, 10, 0]},
			"faces": {
				"north": {"uv": [12, 4, 10, 5], "rotation": 270, "texture": "#0"},
				"east": {"uv": [0, 6, 5, 4], "texture": "#0"},
				"south": {"uv": [12, 4, 10, 5], "rotation": 270, "texture": "#0"},
				"west": {"uv": [0, 0, 0, 0], "texture": "#0"},
				"up": {"uv": [10, 11, 11, 16], "texture": "#0"},
				"down": {"uv": [11, 0, 12, 5], "texture": "#0"}
			}
		},
		{
			"from": [5, 4, 0],
			"to": [6, 5, 4],
			"rotation": {"angle": 0, "axis": "y", "origin": [4, 4, 0]},
			"faces": {
				"north": {"uv": [15, 4, 16, 5], "texture": "#0"},
				"east": {"uv": [11, 4, 16, 5], "texture": "#0"},
				"south": {"uv": [11, 0, 12, 1], "texture": "#0"},
				"west": {"uv": [0, 0, 0, 0], "texture": "#0"},
				"up": {"uv": [0, 0, 0, 0], "texture": "#0"},
				"down": {"uv": [11, 0, 12, 5], "texture": "#0"}
			}
		},
		{
			"from": [5, 11, 0],
			"to": [6, 12, 4],
			"rotation": {"angle": 0, "axis": "y", "origin": [4, 11, 0]},
			"faces": {
				"north": {"uv": [15, 4, 16, 5], "texture": "#0"},
				"east": {"uv": [11, 4, 16, 5], "texture": "#0"},
				"south": {"uv": [11, 0, 12, 1], "texture": "#0"},
				"west": {"uv": [0, 0, 0, 0], "texture": "#0"},
				"up": {"uv": [11, 0, 12, 5], "texture": "#0"},
				"down": {"uv": [0, 0, 0, 0], "texture": "#0"}
			}
		},
		{
			"from": [10, 4, 0],
			"to": [11, 5, 4],
			"rotation": {"angle": 0, "axis": "y", "origin": [9, 4, 0]},
			"faces": {
				"north": {"uv": [15, 4, 16, 5], "texture": "#0"},
				"east": {"uv": [0, 0, 0, 0], "texture": "#0"},
				"south": {"uv": [11, 0, 12, 1], "texture": "#0"},
				"west": {"uv": [0, 4, 5, 5], "texture": "#0"},
				"up": {"uv": [0, 0, 0, 0], "texture": "#0"},
				"down": {"uv": [11, 0, 12, 5], "texture": "#0"}
			}
		},
		{
			"from": [10, 11, 0],
			"to": [11, 12, 4],
			"rotation": {"angle": 0, "axis": "y", "origin": [9, 11, 0]},
			"faces": {
				"north": {"uv": [15, 4, 16, 5], "texture": "#0"},
				"east": {"uv": [0, 0, 0, 0], "texture": "#0"},
				"south": {"uv": [11, 0, 12, 1], "texture": "#0"},
				"west": {"uv": [0, 4, 5, 5], "texture": "#0"},
				"up": {"uv": [4, 0, 5, 5], "texture": "#0"},
				"down": {"uv": [0, 0, 0, 0], "texture": "#0"}
			}
		},
		{
			"from": [5, 5, 0],
			"to": [7, 7, 4],
			"rotation": {"angle": 0, "axis": "y", "origin": [5, 5, 0]},
			"faces": {
				"north": {"uv": [0, 0, 0, 0], "texture": "#0"},
				"east": {"uv": [0, 0, 0, 0], "texture": "#0"},
				"south": {"uv": [0, 0, 0, 0], "texture": "#0"},
				"west": {"uv": [0, 9, 4, 11], "texture": "#0"},
				"up": {"uv": [0, 0, 0, 0], "texture": "#0"},
				"down": {"uv": [5, 12, 7, 16], "texture": "#0"}
			}
		},
		{
			"from": [9, 5, 0],
			"to": [11, 7, 4],
			"rotation": {"angle": 0, "axis": "y", "origin": [9, 5, 0]},
			"faces": {
				"north": {"uv": [0, 0, 0, 0], "texture": "#0"},
				"east": {"uv": [12, 9, 16, 11], "texture": "#0"},
				"south": {"uv": [0, 0, 0, 0], "texture": "#0"},
				"west": {"uv": [0, 0, 0, 0], "texture": "#0"},
				"up": {"uv": [0, 0, 0, 0], "texture": "#0"},
				"down": {"uv": [9, 12, 11, 16], "texture": "#0"}
			}
		},
		{
			"from": [5, 9, 0],
			"to": [7, 11, 4],
			"rotation": {"angle": 0, "axis": "y", "origin": [5, 9, 0]},
			"faces": {
				"north": {"uv": [0, 0, 0, 0], "texture": "#0"},
				"east": {"uv": [0, 0, 0, 0], "texture": "#0"},
				"south": {"uv": [0, 0, 0, 0], "texture": "#0"},
				"west": {"uv": [0, 5, 4, 7], "texture": "#0"},
				"up": {"uv": [5, 0, 7, 4], "texture": "#0"},
				"down": {"uv": [0, 0, 0, 0], "texture": "#0"}
			}
		},
		{
			"from": [9, 9, 0],
			"to": [11, 11, 4],
			"rotation": {"angle": 0, "axis": "y", "origin": [9, 9, 0]},
			"faces": {
				"north": {"uv": [0, 0, 0, 0], "texture": "#0"},
				"east": {"uv": [12, 5, 16, 7], "texture": "#0"},
				"south": {"uv": [0, 0, 0, 0], "texture": "#0"},
				"west": {"uv": [0, 0, 0, 0], "texture": "#0"},
				"up": {"uv": [9, 0, 11, 4], "texture": "#0"},
				"down": {"uv": [0, 0, 0, 0], "texture": "#0"}
			}
		},
		{
			"from": [5, 5, 0],
			"to": [11, 11, 0],
			"rotation": {"angle": 0, "axis": "y", "origin": [4, 5, 0]},
			"faces": {
				"north": {"uv": [5, 5, 11, 11], "texture": "#0"},
				"east": {"uv": [0, 0, 0, 0], "texture": "#0"},
				"south": {"uv": [0, 0, 0, 0], "texture": "#0"},
				"west": {"uv": [0, 0, 0, 0], "texture": "#0"},
				"up": {"uv": [0, 0, 0, 0], "texture": "#0"},
				"down": {"uv": [0, 0, 0, 0], "texture": "#0"}
			}
		},
		{
			"from": [5, 5, 4],
			"to": [11, 11, 4],
			"rotation": {"angle": 0, "axis": "y", "origin": [4, 5, 4]},
			"faces": {
				"north": {"uv": [0, 0, 0, 0], "texture": "#0"},
				"east": {"uv": [0, 0, 0, 0], "texture": "#0"},
				"south": {"uv": [5, 5, 11, 11], "texture": "#0"},
				"west": {"uv": [0, 0, 0, 0], "texture": "#0"},
				"up": {"uv": [0, 0, 0, 0], "texture": "#0"},
				"down": {"uv": [0, 0, 0, 0], "texture": "#0"}
			}
		},
		{
			"from": [12, 4, 11],
			"to": [16, 6, 12],
			"rotation": {"angle": 0, "axis": "y", "origin": [14, 8, 8]},
			"faces": {
				"north": {"uv": [0, 0, 0, 0], "texture": "#0"},
				"east": {"uv": [10, 4, 12, 5], "rotation": 270, "texture": "#0"},
				"south": {"uv": [11, 4, 16, 6], "texture": "#0"},
				"west": {"uv": [10, 5, 12, 4], "rotation": 270, "texture": "#0"},
				"up": {"uv": [11, 11, 12, 16], "rotation": 270, "texture": "#0"},
				"down": {"uv": [10, 0, 11, 5], "rotation": 90, "texture": "#0"}
			}
		},
		{
			"from": [12, 10, 11],
			"to": [16, 12, 12],
			"rotation": {"angle": 0, "axis": "y", "origin": [14, 8, 8]},
			"faces": {
				"north": {"uv": [0, 0, 0, 0], "texture": "#0"},
				"east": {"uv": [12, 4, 10, 5], "rotation": 270, "texture": "#0"},
				"south": {"uv": [11, 6, 16, 4], "texture": "#0"},
				"west": {"uv": [12, 5, 10, 4], "rotation": 270, "texture": "#0"},
				"up": {"uv": [10, 11, 11, 16], "rotation": 270, "texture": "#0"},
				"down": {"uv": [11, 0, 12, 5], "rotation": 90, "texture": "#0"}
			}
		},
		{
			"from": [12, 4, 4],
			"to": [16, 6, 5],
			"rotation": {"angle": 0, "axis": "y", "origin": [14, 8, 8]},
			"faces": {
				"north": {"uv": [0, 4, 5, 6], "texture": "#0"},
				"east": {"uv": [10, 4, 12, 5], "rotation": 270, "texture": "#0"},
				"south": {"uv": [0, 0, 0, 0], "texture": "#0"},
				"west": {"uv": [10, 5, 12, 4], "rotation": 270, "texture": "#0"},
				"up": {"uv": [11, 11, 12, 16], "rotation": 270, "texture": "#0"},
				"down": {"uv": [10, 0, 11, 5], "rotation": 90, "texture": "#0"}
			}
		},
		{
			"from": [12, 10, 4],
			"to": [16, 12, 5],
			"rotation": {"angle": 0, "axis": "y", "origin": [14, 8, 8]},
			"faces": {
				"north": {"uv": [0, 6, 5, 4], "texture": "#0"},
				"east": {"uv": [12, 4, 10, 5], "rotation": 270, "texture": "#0"},
				"south": {"uv": [0, 0, 0, 0], "texture": "#0"},
				"west": {"uv": [12, 4, 10, 5], "rotation": 270, "texture": "#0"},
				"up": {"uv": [10, 11, 11, 16], "rotation": 270, "texture": "#0"},
				"down": {"uv": [11, 0, 12, 5], "rotation": 90, "texture": "#0"}
			}
		},
		{
			"from": [12, 4, 10],
			"to": [16, 5, 11],
			"rotation": {"angle": 0, "axis": "y", "origin": [14, 8, 8]},
			"faces": {
				"north": {"uv": [11, 4, 16, 5], "texture": "#0"},
				"east": {"uv": [11, 0, 12, 1], "texture": "#0"},
				"south": {"uv": [0, 0, 0, 0], "texture": "#0"},
				"west": {"uv": [15, 4, 16, 5], "texture": "#0"},
				"up": {"uv": [0, 0, 0, 0], "rotation": 270, "texture": "#0"},
				"down": {"uv": [11, 0, 12, 5], "rotation": 90, "texture": "#0"}
			}
		},
		{
			"from": [12, 11, 10],
			"to": [16, 12, 11],
			"rotation": {"angle": 0, "axis": "y", "origin": [14, 8, 8]},
			"faces": {
				"north": {"uv": [11, 4, 16, 5], "texture": "#0"},
				"east": {"uv": [11, 0, 12, 1], "texture": "#0"},
				"south": {"uv": [0, 0, 0, 0], "texture": "#0"},
				"west": {"uv": [15, 4, 16, 5], "texture": "#0"},
				"up": {"uv": [11, 0, 12, 5], "rotation": 270, "texture": "#0"},
				"down": {"uv": [0, 0, 0, 0], "rotation": 90, "texture": "#0"}
			}
		},
		{
			"from": [12, 4, 5],
			"to": [16, 5, 6],
			"rotation": {"angle": 0, "axis": "y", "origin": [14, 8, 8]},
			"faces": {
				"north": {"uv": [0, 0, 0, 0], "texture": "#0"},
				"east": {"uv": [11, 0, 12, 1], "texture": "#0"},
				"south": {"uv": [0, 4, 5, 5], "texture": "#0"},
				"west": {"uv": [15, 4, 16, 5], "texture": "#0"},
				"up": {"uv": [0, 0, 0, 0], "rotation": 270, "texture": "#0"},
				"down": {"uv": [11, 0, 12, 5], "rotation": 90, "texture": "#0"}
			}
		},
		{
			"from": [12, 11, 5],
			"to": [16, 12, 6],
			"rotation": {"angle": 0, "axis": "y", "origin": [14, 8, 8]},
			"faces": {
				"north": {"uv": [0, 0, 0, 0], "texture": "#0"},
				"east": {"uv": [11, 0, 12, 1], "texture": "#0"},
				"south": {"uv": [0, 4, 5, 5], "texture": "#0"},
				"west": {"uv": [15, 4, 16, 5], "texture": "#0"},
				"up": {"uv": [4, 0, 5, 5], "rotation": 270, "texture": "#0"},
				"down": {"uv": [0, 0, 0, 0], "rotation": 90, "texture": "#0"}
			}
		},
		{
			"from": [12, 5, 9],
			"to": [16, 7, 11],
			"rotation": {"angle": 0, "axis": "y", "origin": [14, 8, 8]},
			"faces": {
				"north": {"uv": [0, 0, 0, 0], "texture": "#0"},
				"east": {"uv": [0, 0, 0, 0], "texture": "#0"},
				"south": {"uv": [0, 9, 4, 11], "texture": "#0"},
				"west": {"uv": [0, 0, 0, 0], "texture": "#0"},
				"up": {"uv": [0, 0, 0, 0], "rotation": 270, "texture": "#0"},
				"down": {"uv": [5, 12, 7, 16], "rotation": 90, "texture": "#0"}
			}
		},
		{
			"from": [12, 5, 5],
			"to": [16, 7, 7],
			"rotation": {"angle": 0, "axis": "y", "origin": [14, 8, 8]},
			"faces": {
				"north": {"uv": [12, 9, 16, 11], "texture": "#0"},
				"east": {"uv": [0, 0, 0, 0], "texture": "#0"},
				"south": {"uv": [0, 0, 0, 0], "texture": "#0"},
				"west": {"uv": [0, 0, 0, 0], "texture": "#0"},
				"up": {"uv": [0, 0, 0, 0], "rotation": 270, "texture": "#0"},
				"down": {"uv": [9, 12, 11, 16], "rotation": 90, "texture": "#0"}
			}
		},
		{
			"from": [12, 9, 9],
			"to": [16, 11, 11],
			"rotation": {"angle": 0, "axis": "y", "origin": [14, 8, 8]},
			"faces": {
				"north": {"uv": [0, 0, 0, 0], "texture": "#0"},
				"east": {"uv": [0, 0, 0, 0], "texture": "#0"},
				"south": {"uv": [0, 5, 4, 7], "texture": "#0"},
				"west": {"uv": [0, 0, 0, 0], "texture": "#0"},
				"up": {"uv": [5, 0, 7, 4], "rotation": 270, "texture": "#0"},
				"down": {"uv": [0, 0, 0, 0], "rotation": 90, "texture": "#0"}
			}
		},
		{
			"from": [12, 9, 5],
			"to": [16, 11, 7],
			"rotation": {"angle": 0, "axis": "y", "origin": [14, 8, 8]},
			"faces": {
				"north": {"uv": [12, 5, 16, 7], "texture": "#0"},
				"east": {"uv": [0, 0, 0, 0], "texture": "#0"},
				"south": {"uv": [0, 0, 0, 0], "texture": "#0"},
				"west": {"uv": [0, 0, 0, 0], "texture": "#0"},
				"up": {"uv": [9, 0, 11, 4], "rotation": 270, "texture": "#0"},
				"down": {"uv": [0, 0, 0, 0], "rotation": 90, "texture": "#0"}
			}
		},
		{
			"from": [12, 5, 5],
			"to": [12, 11, 11],
			"rotation": {"angle": 0, "axis": "y", "origin": [14, 8, 8]},
			"faces": {
				"north": {"uv": [0, 0, 0, 0], "texture": "#0"},
				"east": {"uv": [0, 0, 0, 0], "texture": "#0"},
				"south": {"uv": [0, 0, 0, 0], "texture": "#0"},
				"west": {"uv": [5, 5, 11, 11], "texture": "#0"},
				"up": {"uv": [0, 0, 0, 0], "rotation": 270, "texture": "#0"},
				"down": {"uv": [0, 0, 0, 0], "rotation": 90, "texture": "#0"}
			}
		},
		{
			"from": [16, 5, 5],
			"to": [16, 11, 11],
			"rotation": {"angle": 0, "axis": "y", "origin": [14, 8, 8]},
			"faces": {
				"north": {"uv": [0, 0, 0, 0], "texture": "#0"},
				"east": {"uv": [5, 5, 11, 11], "texture": "#0"},
				"south": {"uv": [0, 0, 0, 0], "texture": "#0"},
				"west": {"uv": [0, 0, 0, 0], "texture": "#0"},
				"up": {"uv": [0, 0, 0, 0], "rotation": 270, "texture": "#0"},
				"down": {"uv": [0, 0, 0, 0], "rotation": 90, "texture": "#0"}
			}
		},
		{
			"from": [0, 4, 11],
			"to": [4, 6, 12],
			"rotation": {"angle": 0, "axis": "y", "origin": [2, 8, 8]},
			"faces": {
				"north": {"uv": [0, 0, 0, 0], "texture": "#0"},
				"east": {"uv": [10, 4, 12, 5], "rotation": 270, "texture": "#0"},
				"south": {"uv": [11, 4, 16, 6], "texture": "#0"},
				"west": {"uv": [10, 5, 12, 4], "rotation": 270, "texture": "#0"},
				"up": {"uv": [11, 11, 12, 16], "rotation": 270, "texture": "#0"},
				"down": {"uv": [10, 0, 11, 5], "rotation": 90, "texture": "#0"}
			}
		},
		{
			"from": [0, 10, 11],
			"to": [4, 12, 12],
			"rotation": {"angle": 0, "axis": "y", "origin": [2, 8, 8]},
			"faces": {
				"north": {"uv": [0, 0, 0, 0], "texture": "#0"},
				"east": {"uv": [12, 4, 10, 5], "rotation": 270, "texture": "#0"},
				"south": {"uv": [11, 6, 16, 4], "texture": "#0"},
				"west": {"uv": [12, 5, 10, 4], "rotation": 270, "texture": "#0"},
				"up": {"uv": [10, 11, 11, 16], "rotation": 270, "texture": "#0"},
				"down": {"uv": [11, 0, 12, 5], "rotation": 90, "texture": "#0"}
			}
		},
		{
			"from": [0, 4, 4],
			"to": [4, 6, 5],
			"rotation": {"angle": 0, "axis": "y", "origin": [2, 8, 8]},
			"faces": {
				"north": {"uv": [0, 4, 5, 6], "texture": "#0"},
				"east": {"uv": [10, 4, 12, 5], "rotation": 270, "texture": "#0"},
				"south": {"uv": [0, 0, 0, 0], "texture": "#0"},
				"west": {"uv": [10, 5, 12, 4], "rotation": 270, "texture": "#0"},
				"up": {"uv": [11, 11, 12, 16], "rotation": 270, "texture": "#0"},
				"down": {"uv": [10, 0, 11, 5], "rotation": 90, "texture": "#0"}
			}
		},
		{
			"from": [0, 10, 4],
			"to": [4, 12, 5],
			"rotation": {"angle": 0, "axis": "y", "origin": [2, 8, 8]},
			"faces": {
				"north": {"uv": [0, 6, 5, 4], "texture": "#0"},
				"east": {"uv": [12, 4, 10, 5], "rotation": 270, "texture": "#0"},
				"south": {"uv": [0, 0, 0, 0], "texture": "#0"},
				"west": {"uv": [12, 4, 10, 5], "rotation": 270, "texture": "#0"},
				"up": {"uv": [10, 11, 11, 16], "rotation": 270, "texture": "#0"},
				"down": {"uv": [11, 0, 12, 5], "rotation": 90, "texture": "#0"}
			}
		},
		{
			"from": [0, 4, 10],
			"to": [4, 5, 11],
			"rotation": {"angle": 0, "axis": "y", "origin": [2, 8, 8]},
			"faces": {
				"north": {"uv": [11, 4, 16, 5], "texture": "#0"},
				"east": {"uv": [11, 0, 12, 1], "texture": "#0"},
				"south": {"uv": [0, 0, 0, 0], "texture": "#0"},
				"west": {"uv": [15, 4, 16, 5], "texture": "#0"},
				"up": {"uv": [0, 0, 0, 0], "rotation": 270, "texture": "#0"},
				"down": {"uv": [11, 0, 12, 5], "rotation": 90, "texture": "#0"}
			}
		},
		{
			"from": [0, 11, 10],
			"to": [4, 12, 11],
			"rotation": {"angle": 0, "axis": "y", "origin": [2, 8, 8]},
			"faces": {
				"north": {"uv": [11, 4, 16, 5], "texture": "#0"},
				"east": {"uv": [11, 0, 12, 1], "texture": "#0"},
				"south": {"uv": [0, 0, 0, 0], "texture": "#0"},
				"west": {"uv": [15, 4, 16, 5], "texture": "#0"},
				"up": {"uv": [11, 0, 12, 5], "rotation": 270, "texture": "#0"},
				"down": {"uv": [0, 0, 0, 0], "rotation": 90, "texture": "#0"}
			}
		},
		{
			"from": [0, 4, 5],
			"to": [4, 5, 6],
			"rotation": {"angle": 0, "axis": "y", "origin": [2, 8, 8]},
			"faces": {
				"north": {"uv": [0, 0, 0, 0], "texture": "#0"},
				"east": {"uv": [11, 0, 12, 1], "texture": "#0"},
				"south": {"uv": [0, 4, 5, 5], "texture": "#0"},
				"west": {"uv": [15, 4, 16, 5], "texture": "#0"},
				"up": {"uv": [0, 0, 0, 0], "rotation": 270, "texture": "#0"},
				"down": {"uv": [11, 0, 12, 5], "rotation": 90, "texture": "#0"}
			}
		},
		{
			"from": [0, 11, 5],
			"to": [4, 12, 6],
			"rotation": {"angle": 0, "axis": "y", "origin": [2, 8, 8]},
			"faces": {
				"north": {"uv": [0, 0, 0, 0], "texture": "#0"},
				"east": {"uv": [11, 0, 12, 1], "texture": "#0"},
				"south": {"uv": [0, 4, 5, 5], "texture": "#0"},
				"west": {"uv": [15, 4, 16, 5], "texture": "#0"},
				"up": {"uv": [4, 0, 5, 5], "rotation": 270, "texture": "#0"},
				"down": {"uv": [0, 0, 0, 0], "rotation": 90, "texture": "#0"}
			}
		},
		{
			"from": [0, 5, 9],
			"to": [4, 7, 11],
			"rotation": {"angle": 0, "axis": "y", "origin": [2, 8, 8]},
			"faces": {
				"north": {"uv": [0, 0, 0, 0], "texture": "#0"},
				"east": {"uv": [0, 0, 0, 0], "texture": "#0"},
				"south": {"uv": [0, 9, 4, 11], "texture": "#0"},
				"west": {"uv": [0, 0, 0, 0], "texture": "#0"},
				"up": {"uv": [0, 0, 0, 0], "rotation": 270, "texture": "#0"},
				"down": {"uv": [5, 12, 7, 16], "rotation": 90, "texture": "#0"}
			}
		},
		{
			"from": [0, 5, 5],
			"to": [4, 7, 7],
			"rotation": {"angle": 0, "axis": "y", "origin": [2, 8, 8]},
			"faces": {
				"north": {"uv": [12, 9, 16, 11], "texture": "#0"},
				"east": {"uv": [0, 0, 0, 0], "texture": "#0"},
				"south": {"uv": [0, 0, 0, 0], "texture": "#0"},
				"west": {"uv": [0, 0, 0, 0], "texture": "#0"},
				"up": {"uv": [0, 0, 0, 0], "rotation": 270, "texture": "#0"},
				"down": {"uv": [9, 12, 11, 16], "rotation": 90, "texture": "#0"}
			}
		},
		{
			"from": [0, 9, 9],
			"to": [4, 11, 11],
			"rotation": {"angle": 0, "axis": "y", "origin": [2, 8, 8]},
			"faces": {
				"north": {"uv": [0, 0, 0, 0], "texture": "#0"},
				"east": {"uv": [0, 0, 0, 0], "texture": "#0"},
				"south": {"uv": [0, 5, 4, 7], "texture": "#0"},
				"west": {"uv": [0, 0, 0, 0], "texture": "#0"},
				"up": {"uv": [5, 0, 7, 4], "rotation": 270, "texture": "#0"},
				"down": {"uv": [0, 0, 0, 0], "rotation": 90, "texture": "#0"}
			}
		},
		{
			"from": [0, 9, 5],
			"to": [4, 11, 7],
			"rotation": {"angle": 0, "axis": "y", "origin": [2, 8, 8]},
			"faces": {
				"north": {"uv": [12, 5, 16, 7], "texture": "#0"},
				"east": {"uv": [0, 0, 0, 0], "texture": "#0"},
				"south": {"uv": [0, 0, 0, 0], "texture": "#0"},
				"west": {"uv": [0, 0, 0, 0], "texture": "#0"},
				"up": {"uv": [9, 0, 11, 4], "rotation": 270, "texture": "#0"},
				"down": {"uv": [0, 0, 0, 0], "rotation": 90, "texture": "#0"}
			}
		},
		{
			"from": [0, 5, 5],
			"to": [0, 11, 11],
			"rotation": {"angle": 0, "axis": "y", "origin": [2, 8, 8]},
			"faces": {
				"north": {"uv": [0, 0, 0, 0], "texture": "#0"},
				"east": {"uv": [0, 0, 0, 0], "texture": "#0"},
				"south": {"uv": [0, 0, 0, 0], "texture": "#0"},
				"west": {"uv": [5, 5, 11, 11], "texture": "#0"},
				"up": {"uv": [0, 0, 0, 0], "rotation": 270, "texture": "#0"},
				"down": {"uv": [0, 0, 0, 0], "rotation": 90, "texture": "#0"}
			}
		},
		{
			"from": [4, 5, 5],
			"to": [4, 11, 11],
			"rotation": {"angle": 0, "axis": "y", "origin": [2, 8, 8]},
			"faces": {
				"north": {"uv": [0, 0, 0, 0], "texture": "#0"},
				"east": {"uv": [5, 5, 11, 11], "texture": "#0"},
				"south": {"uv": [0, 0, 0, 0], "texture": "#0"},
				"west": {"uv": [0, 0, 0, 0], "texture": "#0"},
				"up": {"uv": [0, 0, 0, 0], "rotation": 270, "texture": "#0"},
				"down": {"uv": [0, 0, 0, 0], "rotation": 90, "texture": "#0"}
			}
		}
	],
	"groups": [
		{
			"name": "group",
			"origin": [8, 8, 8],
			"color": 0,
			"children": [
				0,
				1,
				2,
				3,
				4,
				5,
				6,
				7,
				8,
				9,
				10,
				11,
				12,
				13,
				14,
				15,
				16,
				17,
				18,
				19,
				20,
				21,
				22,
				23,
				24,
				25,
				26,
				27,
				28,
				29,
				30,
				31,
				32,
				33,
				34,
				35,
				36,
				37,
				38,
				39,
				40,
				41,
				42,
				43,
				44,
				45,
				46,
				47,
				48,
				49,
				50,
				51
			]
		},
		{
			"name": "group",
			"origin": [8, 8, 8],
			"color": 0,
			"children": [52, 53, 54, 55, 56, 57, 58, 59, 60, 61, 62, 63, 64, 65]
		},
		{
			"name": "group",
			"origin": [8, 8, 8],
			"color": 0,
			"children": [
				66,
				67,
				68,
				69,
				70,
				71,
				72,
				73,
				{
					"name": "group",
					"origin": [8, 8, 8],
					"color": 0,
					"children": [74, 75, 76, 77, 78, 79, 80, 81]
				}
			]
		},
		{
			"name": "group",
			"origin": [8, 8, 8],
			"color": 0,
			"children": [82, 83, 84, 85, 86, 87, 88, 89, 90, 91, 92, 93, 94, 95]
		},
		{
			"name": "group",
			"origin": [8, 8, 8],
			"color": 0,
			"children": [
				96,
				97,
				98,
				99,
				100,
				101,
				102,
				103,
				104,
				105,
				106,
				107,
				108,
				109,
				{
					"name": "group",
					"origin": [8, 8, 8],
					"color": 0,
					"children": [110, 111, 112, 113, 114, 115, 116, 117, 118, 119, 120, 121, 122, 123]
				}
			]
		}
	]
}