{
	"format_version": "1.21.6",
	"credit": "Made with Blockbench",
	"parent": "pipez:block/pipe_core",
	"render_type": "cutout",
	"textures": {
		"0": "pipez:block/universal_pipe",
		"1": "pipez:block/pipe_structure",
		"particle": "pipez:block/universal_pipe"
	},
	"elements": [
		{
			"from": [4, 4, 12],
			"to": [6, 5, 16],
			"rotation": {"angle": 0, "axis": "y", "origin": [8, 8, 8]},
			"faces": {
				"north": {"uv": [10, 4, 12, 5], "rotation": 180, "texture": "#0"},
				"east": {"uv": [11, 11, 12, 16], "rotation": 270, "texture": "#0"},
				"south": {"uv": [10, 5, 12, 4], "texture": "#0"},
				"west": {"uv": [10, 0, 11, 5], "rotation": 270, "texture": "#0"},
				"up": {"uv": [0, 0, 0, 0], "rotation": 90, "texture": "#0"},
				"down": {"uv": [11, 4, 16, 6], "rotation": 90, "texture": "#0"}
			}
		},
		{
			"from": [10, 4, 12],
			"to": [12, 5, 16],
			"rotation": {"angle": 0, "axis": "y", "origin": [8, 8, 8]},
			"faces": {
				"north": {"uv": [12, 4, 10, 5], "rotation": 180, "texture": "#0"},
				"east": {"uv": [10, 11, 11, 16], "rotation": 270, "texture": "#0"},
				"south": {"uv": [12, 5, 10, 4], "texture": "#0"},
				"west": {"uv": [11, 0, 12, 5], "rotation": 270, "texture": "#0"},
				"up": {"uv": [0, 0, 0, 0], "rotation": 90, "texture": "#0"},
				"down": {"uv": [11, 6, 16, 4], "rotation": 90, "texture": "#0"}
			}
		},
		{
			"from": [4, 11, 12],
			"to": [6, 12, 16],
			"rotation": {"angle": 0, "axis": "y", "origin": [8, 8, 8]},
			"faces": {
				"north": {"uv": [10, 4, 12, 5], "rotation": 180, "texture": "#0"},
				"east": {"uv": [11, 11, 12, 16], "rotation": 270, "texture": "#0"},
				"south": {"uv": [10, 5, 12, 4], "texture": "#0"},
				"west": {"uv": [10, 0, 11, 5], "rotation": 270, "texture": "#0"},
				"up": {"uv": [0, 4, 5, 6], "rotation": 90, "texture": "#0"},
				"down": {"uv": [0, 0, 0, 0], "rotation": 90, "texture": "#0"}
			}
		},
		{
			"from": [10, 11, 12],
			"to": [12, 12, 16],
			"rotation": {"angle": 0, "axis": "y", "origin": [8, 8, 8]},
			"faces": {
				"north": {"uv": [12, 4, 10, 5], "rotation": 180, "texture": "#0"},
				"east": {"uv": [10, 11, 11, 16], "rotation": 270, "texture": "#0"},
				"south": {"uv": [12, 4, 10, 5], "texture": "#0"},
				"west": {"uv": [11, 0, 12, 5], "rotation": 270, "texture": "#0"},
				"up": {"uv": [0, 6, 5, 4], "rotation": 90, "texture": "#0"},
				"down": {"uv": [0, 0, 0, 0], "rotation": 90, "texture": "#0"}
			}
		},
		{
			"from": [4, 5, 12],
			"to": [5, 6, 16],
			"rotation": {"angle": 0, "axis": "y", "origin": [8, 8, 8]},
			"faces": {
				"north": {"uv": [11, 0, 12, 1], "rotation": 270, "texture": "#0"},
				"east": {"uv": [0, 0, 0, 0], "rotation": 270, "texture": "#0"},
				"south": {"uv": [15, 4, 16, 5], "rotation": 90, "texture": "#0"},
				"west": {"uv": [11, 0, 12, 5], "rotation": 270, "texture": "#0"},
				"up": {"uv": [11, 4, 16, 5], "rotation": 90, "texture": "#0"},
				"down": {"uv": [0, 0, 0, 0], "rotation": 90, "texture": "#0"}
			}
		},
		{
			"from": [11, 5, 12],
			"to": [12, 6, 16],
			"rotation": {"angle": 0, "axis": "y", "origin": [8, 8, 8]},
			"faces": {
				"north": {"uv": [11, 0, 12, 1], "rotation": 270, "texture": "#0"},
				"east": {"uv": [11, 0, 12, 5], "rotation": 270, "texture": "#0"},
				"south": {"uv": [15, 4, 16, 5], "rotation": 90, "texture": "#0"},
				"west": {"uv": [0, 0, 0, 0], "rotation": 270, "texture": "#0"},
				"up": {"uv": [11, 4, 16, 5], "rotation": 90, "texture": "#0"},
				"down": {"uv": [0, 0, 0, 0], "rotation": 90, "texture": "#0"}
			}
		},
		{
			"from": [4, 10, 12],
			"to": [5, 11, 16],
			"rotation": {"angle": 0, "axis": "y", "origin": [8, 8, 8]},
			"faces": {
				"north": {"uv": [11, 0, 12, 1], "rotation": 270, "texture": "#0"},
				"east": {"uv": [0, 0, 0, 0], "rotation": 270, "texture": "#0"},
				"south": {"uv": [15, 4, 16, 5], "rotation": 90, "texture": "#0"},
				"west": {"uv": [11, 0, 12, 5], "rotation": 270, "texture": "#0"},
				"up": {"uv": [0, 0, 0, 0], "rotation": 90, "texture": "#0"},
				"down": {"uv": [0, 4, 5, 5], "rotation": 90, "texture": "#0"}
			}
		},
		{
			"from": [11, 10, 12],
			"to": [12, 11, 16],
			"rotation": {"angle": 0, "axis": "y", "origin": [8, 8, 8]},
			"faces": {
				"north": {"uv": [11, 0, 12, 1], "rotation": 270, "texture": "#0"},
				"east": {"uv": [4, 0, 5, 5], "rotation": 270, "texture": "#0"},
				"south": {"uv": [15, 4, 16, 5], "rotation": 90, "texture": "#0"},
				"west": {"uv": [0, 0, 0, 0], "rotation": 270, "texture": "#0"},
				"up": {"uv": [0, 0, 0, 0], "rotation": 90, "texture": "#0"},
				"down": {"uv": [0, 4, 5, 5], "rotation": 90, "texture": "#0"}
			}
		},
		{
			"from": [5, 5, 12],
			"to": [7, 7, 16],
			"rotation": {"angle": 0, "axis": "y", "origin": [8, 8, 8]},
			"faces": {
				"north": {"uv": [0, 0, 0, 0], "rotation": 270, "texture": "#0"},
				"east": {"uv": [0, 0, 0, 0], "rotation": 270, "texture": "#0"},
				"south": {"uv": [0, 0, 0, 0], "rotation": 90, "texture": "#0"},
				"west": {"uv": [5, 12, 7, 16], "rotation": 270, "texture": "#0"},
				"up": {"uv": [0, 0, 0, 0], "rotation": 90, "texture": "#0"},
				"down": {"uv": [0, 9, 4, 11], "rotation": 90, "texture": "#0"}
			}
		},
		{
			"from": [5, 9, 12],
			"to": [7, 11, 16],
			"rotation": {"angle": 0, "axis": "y", "origin": [8, 8, 8]},
			"faces": {
				"north": {"uv": [0, 0, 0, 0], "rotation": 270, "texture": "#0"},
				"east": {"uv": [0, 0, 0, 0], "rotation": 270, "texture": "#0"},
				"south": {"uv": [0, 0, 0, 0], "rotation": 90, "texture": "#0"},
				"west": {"uv": [9, 12, 11, 16], "rotation": 270, "texture": "#0"},
				"up": {"uv": [12, 9, 16, 11], "rotation": 90, "texture": "#0"},
				"down": {"uv": [0, 0, 0, 0], "rotation": 90, "texture": "#0"}
			}
		},
		{
			"from": [9, 5, 12],
			"to": [11, 7, 16],
			"rotation": {"angle": 0, "axis": "y", "origin": [8, 8, 8]},
			"faces": {
				"north": {"uv": [0, 0, 0, 0], "rotation": 270, "texture": "#0"},
				"east": {"uv": [5, 0, 7, 4], "rotation": 270, "texture": "#0"},
				"south": {"uv": [0, 0, 0, 0], "rotation": 90, "texture": "#0"},
				"west": {"uv": [0, 0, 0, 0], "rotation": 270, "texture": "#0"},
				"up": {"uv": [0, 0, 0, 0], "rotation": 90, "texture": "#0"},
				"down": {"uv": [0, 5, 4, 7], "rotation": 90, "texture": "#0"}
			}
		},
		{
			"from": [9, 9, 12],
			"to": [11, 11, 16],
			"rotation": {"angle": 0, "axis": "y", "origin": [8, 8, 8]},
			"faces": {
				"north": {"uv": [0, 0, 0, 0], "rotation": 270, "texture": "#0"},
				"east": {"uv": [9, 0, 11, 4], "rotation": 270, "texture": "#0"},
				"south": {"uv": [0, 0, 0, 0], "rotation": 90, "texture": "#0"},
				"west": {"uv": [0, 0, 0, 0], "rotation": 270, "texture": "#0"},
				"up": {"uv": [12, 5, 16, 7], "rotation": 90, "texture": "#0"},
				"down": {"uv": [0, 0, 0, 0], "rotation": 90, "texture": "#0"}
			}
		},
		{
			"from": [5, 5, 16],
			"to": [11, 11, 16],
			"rotation": {"angle": 0, "axis": "y", "origin": [8, 8, 8]},
			"faces": {
				"north": {"uv": [0, 0, 0, 0], "rotation": 270, "texture": "#0"},
				"east": {"uv": [0, 0, 0, 0], "rotation": 270, "texture": "#0"},
				"south": {"uv": [5, 5, 11, 11], "rotation": 90, "texture": "#0"},
				"west": {"uv": [0, 0, 0, 0], "rotation": 270, "texture": "#0"},
				"up": {"uv": [0, 0, 0, 0], "rotation": 90, "texture": "#0"},
				"down": {"uv": [0, 0, 0, 0], "rotation": 90, "texture": "#0"}
			}
		},
		{
			"from": [5, 5, 12],
			"to": [11, 11, 12],
			"rotation": {"angle": 0, "axis": "y", "origin": [8, 8, 8]},
			"faces": {
				"north": {"uv": [5, 5, 11, 11], "rotation": 270, "texture": "#0"},
				"east": {"uv": [0, 0, 0, 0], "rotation": 270, "texture": "#0"},
				"south": {"uv": [0, 0, 0, 0], "rotation": 90, "texture": "#0"},
				"west": {"uv": [0, 0, 0, 0], "rotation": 270, "texture": "#0"},
				"up": {"uv": [0, 0, 0, 0], "rotation": 90, "texture": "#0"},
				"down": {"uv": [0, 0, 0, 0], "rotation": 90, "texture": "#0"}
			}
		},
		{
			"from": [4, 4, 0],
			"to": [6, 5, 4],
			"rotation": {"angle": 0, "axis": "y", "origin": [8, 8, 8]},
			"faces": {
				"north": {"uv": [10, 4, 12, 5], "rotation": 180, "texture": "#0"},
				"east": {"uv": [11, 11, 12, 16], "rotation": 270, "texture": "#0"},
				"south": {"uv": [10, 5, 12, 4], "texture": "#0"},
				"west": {"uv": [10, 0, 11, 5], "rotation": 270, "texture": "#0"},
				"up": {"uv": [0, 0, 0, 0], "rotation": 90, "texture": "#0"},
				"down": {"uv": [11, 4, 16, 6], "rotation": 90, "texture": "#0"}
			}
		},
		{
			"from": [10, 4, 0],
			"to": [12, 5, 4],
			"rotation": {"angle": 0, "axis": "y", "origin": [8, 8, 8]},
			"faces": {
				"north": {"uv": [12, 4, 10, 5], "rotation": 180, "texture": "#0"},
				"east": {"uv": [10, 11, 11, 16], "rotation": 270, "texture": "#0"},
				"south": {"uv": [12, 5, 10, 4], "texture": "#0"},
				"west": {"uv": [11, 0, 12, 5], "rotation": 270, "texture": "#0"},
				"up": {"uv": [0, 0, 0, 0], "rotation": 90, "texture": "#0"},
				"down": {"uv": [11, 6, 16, 4], "rotation": 90, "texture": "#0"}
			}
		},
		{
			"from": [4, 11, 0],
			"to": [6, 12, 4],
			"rotation": {"angle": 0, "axis": "y", "origin": [8, 8, 8]},
			"faces": {
				"north": {"uv": [10, 4, 12, 5], "rotation": 180, "texture": "#0"},
				"east": {"uv": [11, 11, 12, 16], "rotation": 270, "texture": "#0"},
				"south": {"uv": [10, 5, 12, 4], "texture": "#0"},
				"west": {"uv": [10, 0, 11, 5], "rotation": 270, "texture": "#0"},
				"up": {"uv": [0, 4, 5, 6], "rotation": 90, "texture": "#0"},
				"down": {"uv": [0, 0, 0, 0], "rotation": 90, "texture": "#0"}
			}
		},
		{
			"from": [10, 11, 0],
			"to": [12, 12, 4],
			"rotation": {"angle": 0, "axis": "y", "origin": [8, 8, 8]},
			"faces": {
				"north": {"uv": [12, 4, 10, 5], "rotation": 180, "texture": "#0"},
				"east": {"uv": [10, 11, 11, 16], "rotation": 270, "texture": "#0"},
				"south": {"uv": [12, 4, 10, 5], "texture": "#0"},
				"west": {"uv": [11, 0, 12, 5], "rotation": 270, "texture": "#0"},
				"up": {"uv": [0, 6, 5, 4], "rotation": 90, "texture": "#0"},
				"down": {"uv": [0, 0, 0, 0], "rotation": 90, "texture": "#0"}
			}
		},
		{
			"from": [4, 5, 0],
			"to": [5, 6, 4],
			"rotation": {"angle": 0, "axis": "y", "origin": [8, 8, 8]},
			"faces": {
				"north": {"uv": [11, 0, 12, 1], "rotation": 270, "texture": "#0"},
				"east": {"uv": [0, 0, 0, 0], "rotation": 270, "texture": "#0"},
				"south": {"uv": [15, 4, 16, 5], "rotation": 90, "texture": "#0"},
				"west": {"uv": [11, 0, 12, 5], "rotation": 270, "texture": "#0"},
				"up": {"uv": [11, 4, 16, 5], "rotation": 90, "texture": "#0"},
				"down": {"uv": [0, 0, 0, 0], "rotation": 90, "texture": "#0"}
			}
		},
		{
			"from": [11, 5, 0],
			"to": [12, 6, 4],
			"rotation": {"angle": 0, "axis": "y", "origin": [8, 8, 8]},
			"faces": {
				"north": {"uv": [11, 0, 12, 1], "rotation": 270, "texture": "#0"},
				"east": {"uv": [11, 0, 12, 5], "rotation": 270, "texture": "#0"},
				"south": {"uv": [15, 4, 16, 5], "rotation": 90, "texture": "#0"},
				"west": {"uv": [0, 0, 0, 0], "rotation": 270, "texture": "#0"},
				"up": {"uv": [11, 4, 16, 5], "rotation": 90, "texture": "#0"},
				"down": {"uv": [0, 0, 0, 0], "rotation": 90, "texture": "#0"}
			}
		},
		{
			"from": [4, 10, 0],
			"to": [5, 11, 4],
			"rotation": {"angle": 0, "axis": "y", "origin": [8, 8, 8]},
			"faces": {
				"north": {"uv": [11, 0, 12, 1], "rotation": 270, "texture": "#0"},
				"east": {"uv": [0, 0, 0, 0], "rotation": 270, "texture": "#0"},
				"south": {"uv": [15, 4, 16, 5], "rotation": 90, "texture": "#0"},
				"west": {"uv": [11, 0, 12, 5], "rotation": 270, "texture": "#0"},
				"up": {"uv": [0, 0, 0, 0], "rotation": 90, "texture": "#0"},
				"down": {"uv": [0, 4, 5, 5], "rotation": 90, "texture": "#0"}
			}
		},
		{
			"from": [11, 10, 0],
			"to": [12, 11, 4],
			"rotation": {"angle": 0, "axis": "y", "origin": [8, 8, 8]},
			"faces": {
				"north": {"uv": [11, 0, 12, 1], "rotation": 270, "texture": "#0"},
				"east": {"uv": [4, 0, 5, 5], "rotation": 270, "texture": "#0"},
				"south": {"uv": [15, 4, 16, 5], "rotation": 90, "texture": "#0"},
				"west": {"uv": [0, 0, 0, 0], "rotation": 270, "texture": "#0"},
				"up": {"uv": [0, 0, 0, 0], "rotation": 90, "texture": "#0"},
				"down": {"uv": [0, 4, 5, 5], "rotation": 90, "texture": "#0"}
			}
		},
		{
			"from": [5, 5, 0],
			"to": [7, 7, 4],
			"rotation": {"angle": 0, "axis": "y", "origin": [8, 8, 8]},
			"faces": {
				"north": {"uv": [0, 0, 0, 0], "rotation": 270, "texture": "#0"},
				"east": {"uv": [0, 0, 0, 0], "rotation": 270, "texture": "#0"},
				"south": {"uv": [0, 0, 0, 0], "rotation": 90, "texture": "#0"},
				"west": {"uv": [5, 12, 7, 16], "rotation": 270, "texture": "#0"},
				"up": {"uv": [0, 0, 0, 0], "rotation": 90, "texture": "#0"},
				"down": {"uv": [0, 9, 4, 11], "rotation": 90, "texture": "#0"}
			}
		},
		{
			"from": [5, 9, 0],
			"to": [7, 11, 4],
			"rotation": {"angle": 0, "axis": "y", "origin": [8, 8, 8]},
			"faces": {
				"north": {"uv": [0, 0, 0, 0], "rotation": 270, "texture": "#0"},
				"east": {"uv": [0, 0, 0, 0], "rotation": 270, "texture": "#0"},
				"south": {"uv": [0, 0, 0, 0], "rotation": 90, "texture": "#0"},
				"west": {"uv": [9, 12, 11, 16], "rotation": 270, "texture": "#0"},
				"up": {"uv": [12, 9, 16, 11], "rotation": 90, "texture": "#0"},
				"down": {"uv": [0, 0, 0, 0], "rotation": 90, "texture": "#0"}
			}
		},
		{
			"from": [9, 5, 0],
			"to": [11, 7, 4],
			"rotation": {"angle": 0, "axis": "y", "origin": [8, 8, 8]},
			"faces": {
				"north": {"uv": [0, 0, 0, 0], "rotation": 270, "texture": "#0"},
				"east": {"uv": [5, 0, 7, 4], "rotation": 270, "texture": "#0"},
				"south": {"uv": [0, 0, 0, 0], "rotation": 90, "texture": "#0"},
				"west": {"uv": [0, 0, 0, 0], "rotation": 270, "texture": "#0"},
				"up": {"uv": [0, 0, 0, 0], "rotation": 90, "texture": "#0"},
				"down": {"uv": [0, 5, 4, 7], "rotation": 90, "texture": "#0"}
			}
		},
		{
			"from": [9, 9, 0],
			"to": [11, 11, 4],
			"rotation": {"angle": 0, "axis": "y", "origin": [8, 8, 8]},
			"faces": {
				"north": {"uv": [0, 0, 0, 0], "rotation": 270, "texture": "#0"},
				"east": {"uv": [9, 0, 11, 4], "rotation": 270, "texture": "#0"},
				"south": {"uv": [0, 0, 0, 0], "rotation": 90, "texture": "#0"},
				"west": {"uv": [0, 0, 0, 0], "rotation": 270, "texture": "#0"},
				"up": {"uv": [12, 5, 16, 7], "rotation": 90, "texture": "#0"},
				"down": {"uv": [0, 0, 0, 0], "rotation": 90, "texture": "#0"}
			}
		},
		{
			"from": [5, 5, 4],
			"to": [11, 11, 4],
			"rotation": {"angle": 0, "axis": "y", "origin": [8, 8, 8]},
			"faces": {
				"north": {"uv": [0, 0, 0, 0], "rotation": 270, "texture": "#0"},
				"east": {"uv": [0, 0, 0, 0], "rotation": 270, "texture": "#0"},
				"south": {"uv": [5, 5, 11, 11], "rotation": 90, "texture": "#0"},
				"west": {"uv": [0, 0, 0, 0], "rotation": 270, "texture": "#0"},
				"up": {"uv": [0, 0, 0, 0], "rotation": 90, "texture": "#0"},
				"down": {"uv": [0, 0, 0, 0], "rotation": 90, "texture": "#0"}
			}
		},
		{
			"from": [5, 5, 0],
			"to": [11, 11, 0],
			"rotation": {"angle": 0, "axis": "y", "origin": [8, 8, 8]},
			"faces": {
				"north": {"uv": [5, 5, 11, 11], "rotation": 270, "texture": "#0"},
				"east": {"uv": [0, 0, 0, 0], "rotation": 270, "texture": "#0"},
				"south": {"uv": [0, 0, 0, 0], "rotation": 90, "texture": "#0"},
				"west": {"uv": [0, 0, 0, 0], "rotation": 270, "texture": "#0"},
				"up": {"uv": [0, 0, 0, 0], "rotation": 90, "texture": "#0"},
				"down": {"uv": [0, 0, 0, 0], "rotation": 90, "texture": "#0"}
			}
		},
		{
			"from": [11, 7, 0],
			"to": [11, 9, 4],
			"rotation": {"angle": 0, "axis": "y", "origin": [8, 8, 8]},
			"faces": {
				"north": {"uv": [0, 0, 0, 0], "rotation": 270, "texture": "#1"},
				"east": {"uv": [6.75, 0, 9, 4], "rotation": 270, "texture": "#1"},
				"south": {"uv": [0, 0, 0, 0], "rotation": 90, "texture": "#1"},
				"west": {"uv": [0, 0, 0, 0], "rotation": 270, "texture": "#1"},
				"up": {"uv": [0, 0, 0, 0], "rotation": 90, "texture": "#1"},
				"down": {"uv": [0, 0, 0, 0], "rotation": 90, "texture": "#1"}
			}
		},
		{
			"from": [5, 7, 0],
			"to": [5, 9, 4],
			"rotation": {"angle": 0, "axis": "y", "origin": [8, 8, 8]},
			"faces": {
				"north": {"uv": [0, 0, 0, 0], "rotation": 270, "texture": "#1"},
				"east": {"uv": [0, 0, 0, 0], "rotation": 270, "texture": "#1"},
				"south": {"uv": [0, 0, 0, 0], "rotation": 90, "texture": "#1"},
				"west": {"uv": [6.75, 12, 9, 16], "rotation": 270, "texture": "#1"},
				"up": {"uv": [0, 0, 0, 0], "rotation": 90, "texture": "#1"},
				"down": {"uv": [0, 0, 0, 0], "rotation": 90, "texture": "#1"}
			}
		},
		{
			"from": [7, 11, 0],
			"to": [9, 11, 4],
			"rotation": {"angle": 0, "axis": "y", "origin": [8, 8, 8]},
			"faces": {
				"north": {"uv": [0, 0, 0, 0], "rotation": 270, "texture": "#1"},
				"east": {"uv": [0, 0, 0, 0], "rotation": 270, "texture": "#1"},
				"south": {"uv": [0, 0, 0, 0], "rotation": 90, "texture": "#1"},
				"west": {"uv": [0, 0, 0, 0], "rotation": 270, "texture": "#1"},
				"up": {"uv": [12, 6.75, 16, 9], "rotation": 90, "texture": "#1"},
				"down": {"uv": [0, 0, 0, 0], "rotation": 90, "texture": "#1"}
			}
		},
		{
			"from": [7, 5, 0],
			"to": [9, 5, 4],
			"rotation": {"angle": 0, "axis": "y", "origin": [8, 8, 8]},
			"faces": {
				"north": {"uv": [0, 0, 0, 0], "rotation": 270, "texture": "#1"},
				"east": {"uv": [0, 0, 0, 0], "rotation": 270, "texture": "#1"},
				"south": {"uv": [0, 0, 0, 0], "rotation": 90, "texture": "#1"},
				"west": {"uv": [0, 0, 0, 0], "rotation": 270, "texture": "#1"},
				"up": {"uv": [0, 0, 0, 0], "rotation": 90, "texture": "#1"},
				"down": {"uv": [0, 6.75, 4, 9], "rotation": 90, "texture": "#1"}
			}
		},
		{
			"from": [11, 7, 12],
			"to": [11, 9, 16],
			"rotation": {"angle": 0, "axis": "y", "origin": [8, 8, 8]},
			"faces": {
				"north": {"uv": [0, 0, 0, 0], "rotation": 270, "texture": "#1"},
				"east": {"uv": [6.75, 0, 9, 4], "rotation": 270, "texture": "#1"},
				"south": {"uv": [0, 0, 0, 0], "rotation": 90, "texture": "#1"},
				"west": {"uv": [0, 0, 0, 0], "rotation": 270, "texture": "#1"},
				"up": {"uv": [0, 0, 0, 0], "rotation": 90, "texture": "#1"},
				"down": {"uv": [0, 0, 0, 0], "rotation": 90, "texture": "#1"}
			}
		},
		{
			"from": [5, 7, 12],
			"to": [5, 9, 16],
			"rotation": {"angle": 0, "axis": "y", "origin": [8, 8, 8]},
			"faces": {
				"north": {"uv": [0, 0, 0, 0], "rotation": 270, "texture": "#1"},
				"east": {"uv": [0, 0, 0, 0], "rotation": 270, "texture": "#1"},
				"south": {"uv": [0, 0, 0, 0], "rotation": 90, "texture": "#1"},
				"west": {"uv": [6.75, 12, 9, 16], "rotation": 270, "texture": "#1"},
				"up": {"uv": [0, 0, 0, 0], "rotation": 90, "texture": "#1"},
				"down": {"uv": [0, 0, 0, 0], "rotation": 90, "texture": "#1"}
			}
		},
		{
			"from": [7, 11, 12],
			"to": [9, 11, 16],
			"rotation": {"angle": 0, "axis": "y", "origin": [8, 8, 8]},
			"faces": {
				"north": {"uv": [0, 0, 0, 0], "rotation": 270, "texture": "#1"},
				"east": {"uv": [0, 0, 0, 0], "rotation": 270, "texture": "#1"},
				"south": {"uv": [0, 0, 0, 0], "rotation": 90, "texture": "#1"},
				"west": {"uv": [0, 0, 0, 0], "rotation": 270, "texture": "#1"},
				"up": {"uv": [12, 6.75, 16, 9], "rotation": 90, "texture": "#1"},
				"down": {"uv": [0, 0, 0, 0], "rotation": 90, "texture": "#1"}
			}
		},
		{
			"from": [7, 5, 12],
			"to": [9, 5, 16],
			"rotation": {"angle": 0, "axis": "y", "origin": [8, 8, 8]},
			"faces": {
				"north": {"uv": [0, 0, 0, 0], "rotation": 270, "texture": "#1"},
				"east": {"uv": [0, 0, 0, 0], "rotation": 270, "texture": "#1"},
				"south": {"uv": [0, 0, 0, 0], "rotation": 90, "texture": "#1"},
				"west": {"uv": [0, 0, 0, 0], "rotation": 270, "texture": "#1"},
				"up": {"uv": [0, 0, 0, 0], "rotation": 90, "texture": "#1"},
				"down": {"uv": [0, 6.75, 4, 9], "rotation": 90, "texture": "#1"}
			}
		},
		{
			"from": [4, 4, 4],
			"to": [6, 5, 8],
			"rotation": {"angle": 0, "axis": "y", "origin": [8, 8, 12]},
			"faces": {
				"north": {"uv": [10, 4, 12, 5], "rotation": 180, "texture": "#0"},
				"east": {"uv": [11, 11, 12, 16], "rotation": 270, "texture": "#0"},
				"south": {"uv": [10, 5, 12, 4], "texture": "#0"},
				"west": {"uv": [10, 0, 11, 5], "rotation": 270, "texture": "#0"},
				"up": {"uv": [0, 0, 0, 0], "rotation": 90, "texture": "#0"},
				"down": {"uv": [11, 4, 16, 6], "rotation": 90, "texture": "#0"}
			}
		},
		{
			"from": [10, 4, 4],
			"to": [12, 5, 8],
			"rotation": {"angle": 0, "axis": "y", "origin": [8, 8, 12]},
			"faces": {
				"north": {"uv": [12, 4, 10, 5], "rotation": 180, "texture": "#0"},
				"east": {"uv": [10, 11, 11, 16], "rotation": 270, "texture": "#0"},
				"south": {"uv": [12, 5, 10, 4], "texture": "#0"},
				"west": {"uv": [11, 0, 12, 5], "rotation": 270, "texture": "#0"},
				"up": {"uv": [0, 0, 0, 0], "rotation": 90, "texture": "#0"},
				"down": {"uv": [11, 6, 16, 4], "rotation": 90, "texture": "#0"}
			}
		},
		{
			"from": [4, 11, 4],
			"to": [6, 12, 8],
			"rotation": {"angle": 0, "axis": "y", "origin": [8, 8, 12]},
			"faces": {
				"north": {"uv": [10, 4, 12, 5], "rotation": 180, "texture": "#0"},
				"east": {"uv": [11, 11, 12, 16], "rotation": 270, "texture": "#0"},
				"south": {"uv": [10, 5, 12, 4], "texture": "#0"},
				"west": {"uv": [10, 0, 11, 5], "rotation": 270, "texture": "#0"},
				"up": {"uv": [0, 4, 5, 6], "rotation": 90, "texture": "#0"},
				"down": {"uv": [0, 0, 0, 0], "rotation": 90, "texture": "#0"}
			}
		},
		{
			"from": [10, 11, 4],
			"to": [12, 12, 8],
			"rotation": {"angle": 0, "axis": "y", "origin": [8, 8, 12]},
			"faces": {
				"north": {"uv": [12, 4, 10, 5], "rotation": 180, "texture": "#0"},
				"east": {"uv": [10, 11, 11, 16], "rotation": 270, "texture": "#0"},
				"south": {"uv": [12, 4, 10, 5], "texture": "#0"},
				"west": {"uv": [11, 0, 12, 5], "rotation": 270, "texture": "#0"},
				"up": {"uv": [0, 6, 5, 4], "rotation": 90, "texture": "#0"},
				"down": {"uv": [0, 0, 0, 0], "rotation": 90, "texture": "#0"}
			}
		},
		{
			"from": [4, 5, 4],
			"to": [5, 6, 8],
			"rotation": {"angle": 0, "axis": "y", "origin": [8, 8, 12]},
			"faces": {
				"north": {"uv": [11, 0, 12, 1], "rotation": 270, "texture": "#0"},
				"east": {"uv": [0, 0, 0, 0], "rotation": 270, "texture": "#0"},
				"south": {"uv": [15, 4, 16, 5], "rotation": 90, "texture": "#0"},
				"west": {"uv": [11, 0, 12, 5], "rotation": 270, "texture": "#0"},
				"up": {"uv": [11, 4, 16, 5], "rotation": 90, "texture": "#0"},
				"down": {"uv": [0, 0, 0, 0], "rotation": 90, "texture": "#0"}
			}
		},
		{
			"from": [11, 5, 4],
			"to": [12, 6, 8],
			"rotation": {"angle": 0, "axis": "y", "origin": [8, 8, 12]},
			"faces": {
				"north": {"uv": [11, 0, 12, 1], "rotation": 270, "texture": "#0"},
				"east": {"uv": [11, 0, 12, 5], "rotation": 270, "texture": "#0"},
				"south": {"uv": [15, 4, 16, 5], "rotation": 90, "texture": "#0"},
				"west": {"uv": [0, 0, 0, 0], "rotation": 270, "texture": "#0"},
				"up": {"uv": [11, 4, 16, 5], "rotation": 90, "texture": "#0"},
				"down": {"uv": [0, 0, 0, 0], "rotation": 90, "texture": "#0"}
			}
		},
		{
			"from": [4, 10, 4],
			"to": [5, 11, 8],
			"rotation": {"angle": 0, "axis": "y", "origin": [8, 8, 12]},
			"faces": {
				"north": {"uv": [11, 0, 12, 1], "rotation": 270, "texture": "#0"},
				"east": {"uv": [0, 0, 0, 0], "rotation": 270, "texture": "#0"},
				"south": {"uv": [15, 4, 16, 5], "rotation": 90, "texture": "#0"},
				"west": {"uv": [11, 0, 12, 5], "rotation": 270, "texture": "#0"},
				"up": {"uv": [0, 0, 0, 0], "rotation": 90, "texture": "#0"},
				"down": {"uv": [0, 4, 5, 5], "rotation": 90, "texture": "#0"}
			}
		},
		{
			"from": [11, 10, 4],
			"to": [12, 11, 8],
			"rotation": {"angle": 0, "axis": "y", "origin": [8, 8, 12]},
			"faces": {
				"north": {"uv": [11, 0, 12, 1], "rotation": 270, "texture": "#0"},
				"east": {"uv": [4, 0, 5, 5], "rotation": 270, "texture": "#0"},
				"south": {"uv": [15, 4, 16, 5], "rotation": 90, "texture": "#0"},
				"west": {"uv": [0, 0, 0, 0], "rotation": 270, "texture": "#0"},
				"up": {"uv": [0, 0, 0, 0], "rotation": 90, "texture": "#0"},
				"down": {"uv": [0, 4, 5, 5], "rotation": 90, "texture": "#0"}
			}
		},
		{
			"from": [5, 5, 4],
			"to": [7, 7, 8],
			"rotation": {"angle": 0, "axis": "y", "origin": [8, 8, 12]},
			"faces": {
				"north": {"uv": [0, 0, 0, 0], "rotation": 270, "texture": "#0"},
				"east": {"uv": [0, 0, 0, 0], "rotation": 270, "texture": "#0"},
				"south": {"uv": [0, 0, 0, 0], "rotation": 90, "texture": "#0"},
				"west": {"uv": [5, 12, 7, 16], "rotation": 270, "texture": "#0"},
				"up": {"uv": [0, 0, 0, 0], "rotation": 90, "texture": "#0"},
				"down": {"uv": [0, 9, 4, 11], "rotation": 90, "texture": "#0"}
			}
		},
		{
			"from": [5, 9, 4],
			"to": [7, 11, 8],
			"rotation": {"angle": 0, "axis": "y", "origin": [8, 8, 12]},
			"faces": {
				"north": {"uv": [0, 0, 0, 0], "rotation": 270, "texture": "#0"},
				"east": {"uv": [0, 0, 0, 0], "rotation": 270, "texture": "#0"},
				"south": {"uv": [0, 0, 0, 0], "rotation": 90, "texture": "#0"},
				"west": {"uv": [9, 12, 11, 16], "rotation": 270, "texture": "#0"},
				"up": {"uv": [12, 9, 16, 11], "rotation": 90, "texture": "#0"},
				"down": {"uv": [0, 0, 0, 0], "rotation": 90, "texture": "#0"}
			}
		},
		{
			"from": [9, 5, 4],
			"to": [11, 7, 8],
			"rotation": {"angle": 0, "axis": "y", "origin": [8, 8, 12]},
			"faces": {
				"north": {"uv": [0, 0, 0, 0], "rotation": 270, "texture": "#0"},
				"east": {"uv": [5, 0, 7, 4], "rotation": 270, "texture": "#0"},
				"south": {"uv": [0, 0, 0, 0], "rotation": 90, "texture": "#0"},
				"west": {"uv": [0, 0, 0, 0], "rotation": 270, "texture": "#0"},
				"up": {"uv": [0, 0, 0, 0], "rotation": 90, "texture": "#0"},
				"down": {"uv": [0, 5, 4, 7], "rotation": 90, "texture": "#0"}
			}
		},
		{
			"from": [9, 9, 4],
			"to": [11, 11, 8],
			"rotation": {"angle": 0, "axis": "y", "origin": [8, 8, 12]},
			"faces": {
				"north": {"uv": [0, 0, 0, 0], "rotation": 270, "texture": "#0"},
				"east": {"uv": [9, 0, 11, 4], "rotation": 270, "texture": "#0"},
				"south": {"uv": [0, 0, 0, 0], "rotation": 90, "texture": "#0"},
				"west": {"uv": [0, 0, 0, 0], "rotation": 270, "texture": "#0"},
				"up": {"uv": [12, 5, 16, 7], "rotation": 90, "texture": "#0"},
				"down": {"uv": [0, 0, 0, 0], "rotation": 90, "texture": "#0"}
			}
		},
		{
			"from": [5, 5, 8],
			"to": [11, 11, 8],
			"rotation": {"angle": 0, "axis": "y", "origin": [8, 8, 12]},
			"faces": {
				"north": {"uv": [0, 0, 0, 0], "rotation": 270, "texture": "#0"},
				"east": {"uv": [0, 0, 0, 0], "rotation": 270, "texture": "#0"},
				"south": {"uv": [5, 5, 11, 11], "rotation": 90, "texture": "#0"},
				"west": {"uv": [0, 0, 0, 0], "rotation": 270, "texture": "#0"},
				"up": {"uv": [0, 0, 0, 0], "rotation": 90, "texture": "#0"},
				"down": {"uv": [0, 0, 0, 0], "rotation": 90, "texture": "#0"}
			}
		},
		{
			"from": [5, 5, 4],
			"to": [11, 11, 4],
			"rotation": {"angle": 0, "axis": "y", "origin": [8, 8, 12]},
			"faces": {
				"north": {"uv": [5, 5, 11, 11], "rotation": 270, "texture": "#0"},
				"east": {"uv": [0, 0, 0, 0], "rotation": 270, "texture": "#0"},
				"south": {"uv": [0, 0, 0, 0], "rotation": 90, "texture": "#0"},
				"west": {"uv": [0, 0, 0, 0], "rotation": 270, "texture": "#0"},
				"up": {"uv": [0, 0, 0, 0], "rotation": 90, "texture": "#0"},
				"down": {"uv": [0, 0, 0, 0], "rotation": 90, "texture": "#0"}
			}
		},
		{
			"from": [11, 7, 4],
			"to": [11, 9, 8],
			"rotation": {"angle": 0, "axis": "y", "origin": [8, 8, 12]},
			"faces": {
				"north": {"uv": [0, 0, 0, 0], "rotation": 270, "texture": "#1"},
				"east": {"uv": [6.75, 0, 9, 4], "rotation": 270, "texture": "#1"},
				"south": {"uv": [0, 0, 0, 0], "rotation": 90, "texture": "#1"},
				"west": {"uv": [0, 0, 0, 0], "rotation": 270, "texture": "#1"},
				"up": {"uv": [0, 0, 0, 0], "rotation": 90, "texture": "#1"},
				"down": {"uv": [0, 0, 0, 0], "rotation": 90, "texture": "#1"}
			}
		},
		{
			"from": [5, 7, 4],
			"to": [5, 9, 8],
			"rotation": {"angle": 0, "axis": "y", "origin": [8, 8, 12]},
			"faces": {
				"north": {"uv": [0, 0, 0, 0], "rotation": 270, "texture": "#1"},
				"east": {"uv": [0, 0, 0, 0], "rotation": 270, "texture": "#1"},
				"south": {"uv": [0, 0, 0, 0], "rotation": 90, "texture": "#1"},
				"west": {"uv": [6.75, 12, 9, 16], "rotation": 270, "texture": "#1"},
				"up": {"uv": [0, 0, 0, 0], "rotation": 90, "texture": "#1"},
				"down": {"uv": [0, 0, 0, 0], "rotation": 90, "texture": "#1"}
			}
		},
		{
			"from": [7, 11, 4],
			"to": [9, 11, 8],
			"rotation": {"angle": 0, "axis": "y", "origin": [8, 8, 12]},
			"faces": {
				"north": {"uv": [0, 0, 0, 0], "rotation": 270, "texture": "#1"},
				"east": {"uv": [0, 0, 0, 0], "rotation": 270, "texture": "#1"},
				"south": {"uv": [0, 0, 0, 0], "rotation": 90, "texture": "#1"},
				"west": {"uv": [0, 0, 0, 0], "rotation": 270, "texture": "#1"},
				"up": {"uv": [12, 6.75, 16, 9], "rotation": 90, "texture": "#1"},
				"down": {"uv": [0, 0, 0, 0], "rotation": 90, "texture": "#1"}
			}
		},
		{
			"from": [7, 5, 4],
			"to": [9, 5, 8],
			"rotation": {"angle": 0, "axis": "y", "origin": [8, 8, 12]},
			"faces": {
				"north": {"uv": [0, 0, 0, 0], "rotation": 270, "texture": "#1"},
				"east": {"uv": [0, 0, 0, 0], "rotation": 270, "texture": "#1"},
				"south": {"uv": [0, 0, 0, 0], "rotation": 90, "texture": "#1"},
				"west": {"uv": [0, 0, 0, 0], "rotation": 270, "texture": "#1"},
				"up": {"uv": [0, 0, 0, 0], "rotation": 90, "texture": "#1"},
				"down": {"uv": [0, 6.75, 4, 9], "rotation": 90, "texture": "#1"}
			}
		},
		{
			"from": [11, 7, 8],
			"to": [11, 9, 12],
			"rotation": {"angle": 0, "axis": "y", "origin": [8, 8, 16]},
			"faces": {
				"north": {"uv": [0, 0, 0, 0], "rotation": 270, "texture": "#1"},
				"east": {"uv": [6.75, 0, 9, 4], "rotation": 270, "texture": "#1"},
				"south": {"uv": [0, 0, 0, 0], "rotation": 90, "texture": "#1"},
				"west": {"uv": [0, 0, 0, 0], "rotation": 270, "texture": "#1"},
				"up": {"uv": [0, 0, 0, 0], "rotation": 90, "texture": "#1"},
				"down": {"uv": [0, 0, 0, 0], "rotation": 90, "texture": "#1"}
			}
		},
		{
			"from": [5, 7, 8],
			"to": [5, 9, 12],
			"rotation": {"angle": 0, "axis": "y", "origin": [8, 8, 16]},
			"faces": {
				"north": {"uv": [0, 0, 0, 0], "rotation": 270, "texture": "#1"},
				"east": {"uv": [0, 0, 0, 0], "rotation": 270, "texture": "#1"},
				"south": {"uv": [0, 0, 0, 0], "rotation": 90, "texture": "#1"},
				"west": {"uv": [6.75, 12, 9, 16], "rotation": 270, "texture": "#1"},
				"up": {"uv": [0, 0, 0, 0], "rotation": 90, "texture": "#1"},
				"down": {"uv": [0, 0, 0, 0], "rotation": 90, "texture": "#1"}
			}
		},
		{
			"from": [7, 11, 8],
			"to": [9, 11, 12],
			"rotation": {"angle": 0, "axis": "y", "origin": [8, 8, 16]},
			"faces": {
				"north": {"uv": [0, 0, 0, 0], "rotation": 270, "texture": "#1"},
				"east": {"uv": [0, 0, 0, 0], "rotation": 270, "texture": "#1"},
				"south": {"uv": [0, 0, 0, 0], "rotation": 90, "texture": "#1"},
				"west": {"uv": [0, 0, 0, 0], "rotation": 270, "texture": "#1"},
				"up": {"uv": [12, 6.75, 16, 9], "rotation": 90, "texture": "#1"},
				"down": {"uv": [0, 0, 0, 0], "rotation": 90, "texture": "#1"}
			}
		},
		{
			"from": [7, 5, 8],
			"to": [9, 5, 12],
			"rotation": {"angle": 0, "axis": "y", "origin": [8, 8, 16]},
			"faces": {
				"north": {"uv": [0, 0, 0, 0], "rotation": 270, "texture": "#1"},
				"east": {"uv": [0, 0, 0, 0], "rotation": 270, "texture": "#1"},
				"south": {"uv": [0, 0, 0, 0], "rotation": 90, "texture": "#1"},
				"west": {"uv": [0, 0, 0, 0], "rotation": 270, "texture": "#1"},
				"up": {"uv": [0, 0, 0, 0], "rotation": 90, "texture": "#1"},
				"down": {"uv": [0, 6.75, 4, 9], "rotation": 90, "texture": "#1"}
			}
		},
		{
			"from": [4, 4, 8],
			"to": [6, 5, 12],
			"rotation": {"angle": 0, "axis": "y", "origin": [8, 8, 16]},
			"faces": {
				"north": {"uv": [10, 4, 12, 5], "rotation": 180, "texture": "#0"},
				"east": {"uv": [11, 11, 12, 16], "rotation": 270, "texture": "#0"},
				"south": {"uv": [10, 5, 12, 4], "texture": "#0"},
				"west": {"uv": [10, 0, 11, 5], "rotation": 270, "texture": "#0"},
				"up": {"uv": [0, 0, 0, 0], "rotation": 90, "texture": "#0"},
				"down": {"uv": [11, 4, 16, 6], "rotation": 90, "texture": "#0"}
			}
		},
		{
			"from": [10, 4, 8],
			"to": [12, 5, 12],
			"rotation": {"angle": 0, "axis": "y", "origin": [8, 8, 16]},
			"faces": {
				"north": {"uv": [12, 4, 10, 5], "rotation": 180, "texture": "#0"},
				"east": {"uv": [10, 11, 11, 16], "rotation": 270, "texture": "#0"},
				"south": {"uv": [12, 5, 10, 4], "texture": "#0"},
				"west": {"uv": [11, 0, 12, 5], "rotation": 270, "texture": "#0"},
				"up": {"uv": [0, 0, 0, 0], "rotation": 90, "texture": "#0"},
				"down": {"uv": [11, 6, 16, 4], "rotation": 90, "texture": "#0"}
			}
		},
		{
			"from": [4, 11, 8],
			"to": [6, 12, 12],
			"rotation": {"angle": 0, "axis": "y", "origin": [8, 8, 16]},
			"faces": {
				"north": {"uv": [10, 4, 12, 5], "rotation": 180, "texture": "#0"},
				"east": {"uv": [11, 11, 12, 16], "rotation": 270, "texture": "#0"},
				"south": {"uv": [10, 5, 12, 4], "texture": "#0"},
				"west": {"uv": [10, 0, 11, 5], "rotation": 270, "texture": "#0"},
				"up": {"uv": [0, 4, 5, 6], "rotation": 90, "texture": "#0"},
				"down": {"uv": [0, 0, 0, 0], "rotation": 90, "texture": "#0"}
			}
		},
		{
			"from": [10, 11, 8],
			"to": [12, 12, 12],
			"rotation": {"angle": 0, "axis": "y", "origin": [8, 8, 16]},
			"faces": {
				"north": {"uv": [12, 4, 10, 5], "rotation": 180, "texture": "#0"},
				"east": {"uv": [10, 11, 11, 16], "rotation": 270, "texture": "#0"},
				"south": {"uv": [12, 4, 10, 5], "texture": "#0"},
				"west": {"uv": [11, 0, 12, 5], "rotation": 270, "texture": "#0"},
				"up": {"uv": [0, 6, 5, 4], "rotation": 90, "texture": "#0"},
				"down": {"uv": [0, 0, 0, 0], "rotation": 90, "texture": "#0"}
			}
		},
		{
			"from": [4, 5, 8],
			"to": [5, 6, 12],
			"rotation": {"angle": 0, "axis": "y", "origin": [8, 8, 16]},
			"faces": {
				"north": {"uv": [11, 0, 12, 1], "rotation": 270, "texture": "#0"},
				"east": {"uv": [0, 0, 0, 0], "rotation": 270, "texture": "#0"},
				"south": {"uv": [15, 4, 16, 5], "rotation": 90, "texture": "#0"},
				"west": {"uv": [11, 0, 12, 5], "rotation": 270, "texture": "#0"},
				"up": {"uv": [11, 4, 16, 5], "rotation": 90, "texture": "#0"},
				"down": {"uv": [0, 0, 0, 0], "rotation": 90, "texture": "#0"}
			}
		},
		{
			"from": [11, 5, 8],
			"to": [12, 6, 12],
			"rotation": {"angle": 0, "axis": "y", "origin": [8, 8, 16]},
			"faces": {
				"north": {"uv": [11, 0, 12, 1], "rotation": 270, "texture": "#0"},
				"east": {"uv": [11, 0, 12, 5], "rotation": 270, "texture": "#0"},
				"south": {"uv": [15, 4, 16, 5], "rotation": 90, "texture": "#0"},
				"west": {"uv": [0, 0, 0, 0], "rotation": 270, "texture": "#0"},
				"up": {"uv": [11, 4, 16, 5], "rotation": 90, "texture": "#0"},
				"down": {"uv": [0, 0, 0, 0], "rotation": 90, "texture": "#0"}
			}
		},
		{
			"from": [4, 10, 8],
			"to": [5, 11, 12],
			"rotation": {"angle": 0, "axis": "y", "origin": [8, 8, 16]},
			"faces": {
				"north": {"uv": [11, 0, 12, 1], "rotation": 270, "texture": "#0"},
				"east": {"uv": [0, 0, 0, 0], "rotation": 270, "texture": "#0"},
				"south": {"uv": [15, 4, 16, 5], "rotation": 90, "texture": "#0"},
				"west": {"uv": [11, 0, 12, 5], "rotation": 270, "texture": "#0"},
				"up": {"uv": [0, 0, 0, 0], "rotation": 90, "texture": "#0"},
				"down": {"uv": [0, 4, 5, 5], "rotation": 90, "texture": "#0"}
			}
		},
		{
			"from": [11, 10, 8],
			"to": [12, 11, 12],
			"rotation": {"angle": 0, "axis": "y", "origin": [8, 8, 16]},
			"faces": {
				"north": {"uv": [11, 0, 12, 1], "rotation": 270, "texture": "#0"},
				"east": {"uv": [4, 0, 5, 5], "rotation": 270, "texture": "#0"},
				"south": {"uv": [15, 4, 16, 5], "rotation": 90, "texture": "#0"},
				"west": {"uv": [0, 0, 0, 0], "rotation": 270, "texture": "#0"},
				"up": {"uv": [0, 0, 0, 0], "rotation": 90, "texture": "#0"},
				"down": {"uv": [0, 4, 5, 5], "rotation": 90, "texture": "#0"}
			}
		},
		{
			"from": [5, 5, 8],
			"to": [7, 7, 12],
			"rotation": {"angle": 0, "axis": "y", "origin": [8, 8, 16]},
			"faces": {
				"north": {"uv": [0, 0, 0, 0], "rotation": 270, "texture": "#0"},
				"east": {"uv": [0, 0, 0, 0], "rotation": 270, "texture": "#0"},
				"south": {"uv": [0, 0, 0, 0], "rotation": 90, "texture": "#0"},
				"west": {"uv": [5, 12, 7, 16], "rotation": 270, "texture": "#0"},
				"up": {"uv": [0, 0, 0, 0], "rotation": 90, "texture": "#0"},
				"down": {"uv": [0, 9, 4, 11], "rotation": 90, "texture": "#0"}
			}
		},
		{
			"from": [5, 9, 8],
			"to": [7, 11, 12],
			"rotation": {"angle": 0, "axis": "y", "origin": [8, 8, 16]},
			"faces": {
				"north": {"uv": [0, 0, 0, 0], "rotation": 270, "texture": "#0"},
				"east": {"uv": [0, 0, 0, 0], "rotation": 270, "texture": "#0"},
				"south": {"uv": [0, 0, 0, 0], "rotation": 90, "texture": "#0"},
				"west": {"uv": [9, 12, 11, 16], "rotation": 270, "texture": "#0"},
				"up": {"uv": [12, 9, 16, 11], "rotation": 90, "texture": "#0"},
				"down": {"uv": [0, 0, 0, 0], "rotation": 90, "texture": "#0"}
			}
		},
		{
			"from": [9, 5, 8],
			"to": [11, 7, 12],
			"rotation": {"angle": 0, "axis": "y", "origin": [8, 8, 16]},
			"faces": {
				"north": {"uv": [0, 0, 0, 0], "rotation": 270, "texture": "#0"},
				"east": {"uv": [5, 0, 7, 4], "rotation": 270, "texture": "#0"},
				"south": {"uv": [0, 0, 0, 0], "rotation": 90, "texture": "#0"},
				"west": {"uv": [0, 0, 0, 0], "rotation": 270, "texture": "#0"},
				"up": {"uv": [0, 0, 0, 0], "rotation": 90, "texture": "#0"},
				"down": {"uv": [0, 5, 4, 7], "rotation": 90, "texture": "#0"}
			}
		},
		{
			"from": [9, 9, 8],
			"to": [11, 11, 12],
			"rotation": {"angle": 0, "axis": "y", "origin": [8, 8, 16]},
			"faces": {
				"north": {"uv": [0, 0, 0, 0], "rotation": 270, "texture": "#0"},
				"east": {"uv": [9, 0, 11, 4], "rotation": 270, "texture": "#0"},
				"south": {"uv": [0, 0, 0, 0], "rotation": 90, "texture": "#0"},
				"west": {"uv": [0, 0, 0, 0], "rotation": 270, "texture": "#0"},
				"up": {"uv": [12, 5, 16, 7], "rotation": 90, "texture": "#0"},
				"down": {"uv": [0, 0, 0, 0], "rotation": 90, "texture": "#0"}
			}
		},
		{
			"from": [5, 5, 12],
			"to": [11, 11, 12],
			"rotation": {"angle": 0, "axis": "y", "origin": [8, 8, 16]},
			"faces": {
				"north": {"uv": [0, 0, 0, 0], "rotation": 270, "texture": "#0"},
				"east": {"uv": [0, 0, 0, 0], "rotation": 270, "texture": "#0"},
				"south": {"uv": [5, 5, 11, 11], "rotation": 90, "texture": "#0"},
				"west": {"uv": [0, 0, 0, 0], "rotation": 270, "texture": "#0"},
				"up": {"uv": [0, 0, 0, 0], "rotation": 90, "texture": "#0"},
				"down": {"uv": [0, 0, 0, 0], "rotation": 90, "texture": "#0"}
			}
		},
		{
			"from": [5, 5, 8],
			"to": [11, 11, 8],
			"rotation": {"angle": 0, "axis": "y", "origin": [8, 8, 16]},
			"faces": {
				"north": {"uv": [5, 5, 11, 11], "rotation": 270, "texture": "#0"},
				"east": {"uv": [0, 0, 0, 0], "rotation": 270, "texture": "#0"},
				"south": {"uv": [0, 0, 0, 0], "rotation": 90, "texture": "#0"},
				"west": {"uv": [0, 0, 0, 0], "rotation": 270, "texture": "#0"},
				"up": {"uv": [0, 0, 0, 0], "rotation": 90, "texture": "#0"},
				"down": {"uv": [0, 0, 0, 0], "rotation": 90, "texture": "#0"}
			}
		}
	],
	"groups": [
		{
			"name": "group",
			"origin": [8, 8, 8],
			"color": 0,
			"children": [0, 1, 2, 3, 4, 5, 6, 7, 8, 9, 10, 11, 12, 13]
		},
		{
			"name": "group",
			"origin": [8, 8, 8],
			"color": 0,
			"children": [14, 15, 16, 17, 18, 19, 20, 21, 22, 23, 24, 25, 26, 27]
		},
		{
			"name": "group",
			"origin": [8, 8, 8],
			"color": 0,
			"children": [28, 29, 30, 31, 32, 33, 34, 35]
		},
		{
			"name": "group",
			"origin": [8, 8, 8],
			"color": 0,
			"children": [36, 37, 38, 39, 40, 41, 42, 43, 44, 45, 46, 47, 48, 49]
		},
		{
			"name": "group",
			"origin": [8, 8, 8],
			"color": 0,
			"children": [
				50,
				51,
				52,
				53,
				{
					"name": "group",
					"origin": [8, 8, 8],
					"color": 0,
					"children": [54, 55, 56, 57]
				},
				{
					"name": "group",
					"origin": [8, 8, 8],
					"color": 0,
					"children": [58, 59, 60, 61, 62, 63, 64, 65, 66, 67, 68, 69, 70, 71]
				}
			]
		}
	]
}